subsample_ID,name,community,type,layer,fraction,repetition
1,M_SD_Snow_1988_SON,Plant-Seed Dispersers,Monolayer,1,0.8,1
2,M_SD_Snow_1988_SON,Plant-Seed Dispersers,Monolayer,1,1,1
3,M_PL_Magrach2017_UK_2011_low,Plant-Pollinator,Monolayer,1,0.8,1
4,M_PL_Magrach2017_UK_2011_low,Plant-Pollinator,Monolayer,1,1,1
5,M_SD_Novoa_2011,Plant-Seed Dispersers,Monolayer,1,0.8,1
6,M_SD_Novoa_2011,Plant-Seed Dispersers,Monolayer,1,1,1
7,M_PL_Lara-Romero_2016_penalara-Pasture-5,Plant-Pollinator,Monolayer,1,0.8,1
8,M_PL_Lara-Romero_2016_penalara-Pasture-5,Plant-Pollinator,Monolayer,1,1,1
9,M_PL_Olesen2002,Plant-Pollinator,Monolayer,1,0.8,1
10,M_PL_Olesen2002,Plant-Pollinator,Monolayer,1,1,1
11,M_SD_Snow_1988_DJF,Plant-Seed Dispersers,Monolayer,1,0.8,1
12,M_SD_Snow_1988_DJF,Plant-Seed Dispersers,Monolayer,1,1,1
13,M_SD_Debussche_1989,Plant-Seed Dispersers,Monolayer,1,0.8,1
14,M_SD_Debussche_1989,Plant-Seed Dispersers,Monolayer,1,1,1
15,M_SD_Lou_2005,Plant-Seed Dispersers,Monolayer,1,0.8,1
16,M_SD_Lou_2005,Plant-Seed Dispersers,Monolayer,1,1,1
17,A_PH_site04_period01_Martins,Plant-Herbivore,Monolayer,1,0.8,1
18,A_PH_site04_period01_Martins,Plant-Herbivore,Monolayer,1,1,1
19,A_PH_Macfadyen2009_plant-herb_B2,Plant-Herbivore,Monolayer,1,0.8,1
20,A_PH_Macfadyen2009_plant-herb_B2,Plant-Herbivore,Monolayer,1,1,1
21,M_SD_Purificacao_2014_forest_dry,Plant-Seed Dispersers,Monolayer,1,0.8,1
22,M_SD_Purificacao_2014_forest_dry,Plant-Seed Dispersers,Monolayer,1,1,1
23,M_PL_Orford_2016_Field-9,Plant-Pollinator,Monolayer,1,0.8,1
24,M_PL_Orford_2016_Field-9,Plant-Pollinator,Monolayer,1,1,1
25,M_PL_Lara-Romero_2016_penalara-Pasture-6,Plant-Pollinator,Monolayer,1,0.8,1
26,M_PL_Lara-Romero_2016_penalara-Pasture-6,Plant-Pollinator,Monolayer,1,1,1
27,M_SD_Chama_2013_net9,Plant-Seed Dispersers,Monolayer,1,0.8,1
28,M_SD_Chama_2013_net9,Plant-Seed Dispersers,Monolayer,1,1,1
29,M_PL_Lara-Romero_2016_penalara-Encroachedpasture-4,Plant-Pollinator,Monolayer,1,0.8,1
30,M_PL_Lara-Romero_2016_penalara-Encroachedpasture-4,Plant-Pollinator,Monolayer,1,1,1
31,M_SD_Correa_2016_Caqueta,Plant-Seed Dispersers,Monolayer,1,0.8,1
32,M_SD_Correa_2016_Caqueta,Plant-Seed Dispersers,Monolayer,1,1,1
33,A_HP_Hadfield_2013_037,Host-Parasite,Monolayer,1,0.8,1
34,A_HP_Hadfield_2013_037,Host-Parasite,Monolayer,1,1,1
35,A_HP_Macfadyen2009_paras-herb_A8,Host-Parasite,Monolayer,1,0.8,1
36,A_HP_Macfadyen2009_paras-herb_A8,Host-Parasite,Monolayer,1,1,1
37,M_PL_Lara-Romero_2016_nevero-Encroachedpasture-8,Plant-Pollinator,Monolayer,1,0.8,1
38,M_PL_Lara-Romero_2016_nevero-Encroachedpasture-8,Plant-Pollinator,Monolayer,1,1,1
39,M_PL_Lara-Romero_2016_penalara-Encroachedpasture-9,Plant-Pollinator,Monolayer,1,0.8,1
40,M_PL_Lara-Romero_2016_penalara-Encroachedpasture-9,Plant-Pollinator,Monolayer,1,1,1
41,A_PH_Macfadyen2009_plant-herb_A4,Plant-Herbivore,Monolayer,1,0.8,1
42,A_PH_Macfadyen2009_plant-herb_A4,Plant-Herbivore,Monolayer,1,1,1
43,A_HP_Leong1981,Host-Parasite,Monolayer,1,0.8,1
44,A_HP_Leong1981,Host-Parasite,Monolayer,1,1,1
45,A_HP_Macfadyen2009_paras-herb_A5,Host-Parasite,Monolayer,1,0.8,1
46,A_HP_Macfadyen2009_paras-herb_A5,Host-Parasite,Monolayer,1,1,1
47,M_PL_Kaiser-Bunbury_2014_061_38,Plant-Pollinator,Monolayer,1,0.8,1
48,M_PL_Kaiser-Bunbury_2014_061_38,Plant-Pollinator,Monolayer,1,1,1
49,M_SD_SAAV2,Plant-Seed Dispersers,Monolayer,1,0.8,1
50,M_SD_SAAV2,Plant-Seed Dispersers,Monolayer,1,1,1
51,M_SD_Souza_Gomes_2008_secondary_fore,Plant-Seed Dispersers,Monolayer,1,0.8,1
52,M_SD_Souza_Gomes_2008_secondary_fore,Plant-Seed Dispersers,Monolayer,1,1,1
53,M_SD_Toledo_2018,Plant-Seed Dispersers,Monolayer,1,0.8,1
54,M_SD_Toledo_2018,Plant-Seed Dispersers,Monolayer,1,1,1
55,M_PL_Dicks2002-2,Plant-Pollinator,Monolayer,1,0.8,1
56,M_PL_Dicks2002-2,Plant-Pollinator,Monolayer,1,1,1
57,M_PL_Burkle2013,Plant-Pollinator,Monolayer,1,0.8,1
58,M_PL_Burkle2013,Plant-Pollinator,Monolayer,1,1,1
59,M_PL_Kaiser-Bunbury_2014_061_24,Plant-Pollinator,Monolayer,1,0.8,1
60,M_PL_Kaiser-Bunbury_2014_061_24,Plant-Pollinator,Monolayer,1,1,1
61,A_HP_Pilosof2013_1987,Host-Parasite,Monolayer,1,0.8,1
62,A_HP_Pilosof2013_1987,Host-Parasite,Monolayer,1,1,1
63,M_PL_Kaiser-Bunbury_2014_061_03,Plant-Pollinator,Monolayer,1,0.8,1
64,M_PL_Kaiser-Bunbury_2014_061_03,Plant-Pollinator,Monolayer,1,1,1
65,M_PL_Kaiser-Bunbury_2010_060_15,Plant-Pollinator,Monolayer,1,0.8,1
66,M_PL_Kaiser-Bunbury_2010_060_15,Plant-Pollinator,Monolayer,1,1,1
67,M_PL_Brosi2017_Judd_Falls_TH_2014_Manipulation,Plant-Pollinator,Monolayer,1,0.8,1
68,M_PL_Brosi2017_Judd_Falls_TH_2014_Manipulation,Plant-Pollinator,Monolayer,1,1,1
69,M_SD_Innis_1989_NVF_CNVF,Plant-Seed Dispersers,Monolayer,1,0.8,1
70,M_SD_Innis_1989_NVF_CNVF,Plant-Seed Dispersers,Monolayer,1,1,1
71,A_HP_Macfadyen2009_paras-herb_A2,Host-Parasite,Monolayer,1,0.8,1
72,A_HP_Macfadyen2009_paras-herb_A2,Host-Parasite,Monolayer,1,1,1
73,M_PL_Lara-Romero_2016_penalara-Encroachedpasture-1,Plant-Pollinator,Monolayer,1,0.8,1
74,M_PL_Lara-Romero_2016_penalara-Encroachedpasture-1,Plant-Pollinator,Monolayer,1,1,1
75,M_PL_Kaiser-Bunbury_2014_061_37,Plant-Pollinator,Monolayer,1,0.8,1
76,M_PL_Kaiser-Bunbury_2014_061_37,Plant-Pollinator,Monolayer,1,1,1
77,M_PL_Lara-Romero_2016_nevero-Encroachedpasture-9,Plant-Pollinator,Monolayer,1,0.8,1
78,M_PL_Lara-Romero_2016_nevero-Encroachedpasture-9,Plant-Pollinator,Monolayer,1,1,1
79,M_SD_KITA_mammals_added,Plant-Seed Dispersers,Monolayer,1,0.8,1
80,M_SD_KITA_mammals_added,Plant-Seed Dispersers,Monolayer,1,1,1
81,M_SD_Passos_2003,Plant-Seed Dispersers,Monolayer,1,0.8,1
82,M_SD_Passos_2003,Plant-Seed Dispersers,Monolayer,1,1,1
83,M_SD_Ruggera_2016_Chorro_de_Loros,Plant-Seed Dispersers,Monolayer,1,0.8,1
84,M_SD_Ruggera_2016_Chorro_de_Loros,Plant-Seed Dispersers,Monolayer,1,1,1
85,M_SD_Galetti1996-2,Plant-Seed Dispersers,Monolayer,1,0.8,1
86,M_SD_Galetti1996-2,Plant-Seed Dispersers,Monolayer,1,1,1
87,A_PH_Macfadyen2009_plant-herb_A10,Plant-Herbivore,Monolayer,1,0.8,1
88,A_PH_Macfadyen2009_plant-herb_A10,Plant-Herbivore,Monolayer,1,1,1
89,M_PL_Orford_2016_Field-19,Plant-Pollinator,Monolayer,1,0.8,1
90,M_PL_Orford_2016_Field-19,Plant-Pollinator,Monolayer,1,1,1
91,M_PL_Brosi2017_Back_of_Baldy_Bend_2014_Control,Plant-Pollinator,Monolayer,1,0.8,1
92,M_PL_Brosi2017_Back_of_Baldy_Bend_2014_Control,Plant-Pollinator,Monolayer,1,1,1
93,A_HP_Pilosof2013_1984,Host-Parasite,Monolayer,1,0.8,1
94,A_HP_Pilosof2013_1984,Host-Parasite,Monolayer,1,1,1
95,M_SD_Robinson_2015,Plant-Seed Dispersers,Monolayer,1,0.8,1
96,M_SD_Robinson_2015,Plant-Seed Dispersers,Monolayer,1,1,1
97,M_SD_Quitian_2018_2000Natural,Plant-Seed Dispersers,Monolayer,1,0.8,1
98,M_SD_Quitian_2018_2000Natural,Plant-Seed Dispersers,Monolayer,1,1,1
99,A_HP_Hadfield_2013_002,Host-Parasite,Monolayer,1,0.8,1
100,A_HP_Hadfield_2013_002,Host-Parasite,Monolayer,1,1,1
101,A_HP_Hadfield_2013_045,Host-Parasite,Monolayer,1,0.8,1
102,A_HP_Hadfield_2013_045,Host-Parasite,Monolayer,1,1,1
103,M_PL_Trojelsgaard_2015_Site2_WesternSahara2,Plant-Pollinator,Monolayer,1,0.8,1
104,M_PL_Trojelsgaard_2015_Site2_WesternSahara2,Plant-Pollinator,Monolayer,1,1,1
105,A_HP_Hadfield_2013_024,Host-Parasite,Monolayer,1,0.8,1
106,A_HP_Hadfield_2013_024,Host-Parasite,Monolayer,1,1,1
107,M_PL_Lara-Romero_2016_nevero-Encroachedpasture-1,Plant-Pollinator,Monolayer,1,0.8,1
108,M_PL_Lara-Romero_2016_nevero-Encroachedpasture-1,Plant-Pollinator,Monolayer,1,1,1
109,A_HP_Hadfield_2013_042,Host-Parasite,Monolayer,1,0.8,1
110,A_HP_Hadfield_2013_042,Host-Parasite,Monolayer,1,1,1
111,M_SD_Kessler-Rios_2012,Plant-Seed Dispersers,Monolayer,1,0.8,1
112,M_SD_Kessler-Rios_2012,Plant-Seed Dispersers,Monolayer,1,1,1
113,M_SD_Reid_2011,Plant-Seed Dispersers,Monolayer,1,0.8,1
114,M_SD_Reid_2011,Plant-Seed Dispersers,Monolayer,1,1,1
115,A_HP_belay26,Host-Parasite,Monolayer,1,0.8,1
116,A_HP_belay26,Host-Parasite,Monolayer,1,1,1
117,M_SD_Bastazini_2018,Plant-Seed Dispersers,Monolayer,1,0.8,1
118,M_SD_Bastazini_2018,Plant-Seed Dispersers,Monolayer,1,1,1
119,M_PL_Santos2010,Plant-Pollinator,Monolayer,1,0.8,1
120,M_PL_Santos2010,Plant-Pollinator,Monolayer,1,1,1
121,A_HP_Macfadyen2009_paras-herb_B1,Host-Parasite,Monolayer,1,0.8,1
122,A_HP_Macfadyen2009_paras-herb_B1,Host-Parasite,Monolayer,1,1,1
123,M_SD_Albrecht_203_2012,Plant-Seed Dispersers,Monolayer,1,0.8,1
124,M_SD_Albrecht_203_2012,Plant-Seed Dispersers,Monolayer,1,1,1
125,A_PH_Macfadyen2009_plant-herb_A3,Plant-Herbivore,Monolayer,1,0.8,1
126,A_PH_Macfadyen2009_plant-herb_A3,Plant-Herbivore,Monolayer,1,1,1
127,M_SD_Ramos-Robles_2016_net6,Plant-Seed Dispersers,Monolayer,1,0.8,1
128,M_SD_Ramos-Robles_2016_net6,Plant-Seed Dispersers,Monolayer,1,1,1
129,M_SD_Wyman_2017,Plant-Seed Dispersers,Monolayer,1,0.8,1
130,M_SD_Wyman_2017,Plant-Seed Dispersers,Monolayer,1,1,1
131,A_HP_Hadfield_2013_050,Host-Parasite,Monolayer,1,0.8,1
132,A_HP_Hadfield_2013_050,Host-Parasite,Monolayer,1,1,1
133,M_PL_Kaiser-Bunbury_2014_061_13,Plant-Pollinator,Monolayer,1,0.8,1
134,M_PL_Kaiser-Bunbury_2014_061_13,Plant-Pollinator,Monolayer,1,1,1
135,A_HP_Macfadyen2009_paras-herb_A6,Host-Parasite,Monolayer,1,0.8,1
136,A_HP_Macfadyen2009_paras-herb_A6,Host-Parasite,Monolayer,1,1,1
137,M_SD_Tutin1997,Plant-Seed Dispersers,Monolayer,1,0.8,1
138,M_SD_Tutin1997,Plant-Seed Dispersers,Monolayer,1,1,1
139,M_PL_Sabatino_4,Plant-Pollinator,Monolayer,1,0.8,1
140,M_PL_Sabatino_4,Plant-Pollinator,Monolayer,1,1,1
141,A_PH_Macfadyen2009_plant-herb_A5,Plant-Herbivore,Monolayer,1,0.8,1
142,A_PH_Macfadyen2009_plant-herb_A5,Plant-Herbivore,Monolayer,1,1,1
143,M_SD_Vizentin-Bugoni_2019_MOA,Plant-Seed Dispersers,Monolayer,1,0.8,1
144,M_SD_Vizentin-Bugoni_2019_MOA,Plant-Seed Dispersers,Monolayer,1,1,1
145,A_HP_Hadfield_2013_021,Host-Parasite,Monolayer,1,0.8,1
146,A_HP_Hadfield_2013_021,Host-Parasite,Monolayer,1,1,1
147,M_SD_Hasui_1998,Plant-Seed Dispersers,Monolayer,1,0.8,1
148,M_SD_Hasui_1998,Plant-Seed Dispersers,Monolayer,1,1,1
149,A_PH_site01_period01_Martins,Plant-Herbivore,Monolayer,1,0.8,1
150,A_PH_site01_period01_Martins,Plant-Herbivore,Monolayer,1,1,1
151,M_PL_Orford_2016_Field-72,Plant-Pollinator,Monolayer,1,0.8,1
152,M_PL_Orford_2016_Field-72,Plant-Pollinator,Monolayer,1,1,1
153,A_HP_Hadfield_2013_005,Host-Parasite,Monolayer,1,0.8,1
154,A_HP_Hadfield_2013_005,Host-Parasite,Monolayer,1,1,1
155,A_PH_site08_period01_Martins,Plant-Herbivore,Monolayer,1,0.8,1
156,A_PH_site08_period01_Martins,Plant-Herbivore,Monolayer,1,1,1
157,M_PL_Lundgren2005,Plant-Pollinator,Monolayer,1,0.8,1
158,M_PL_Lundgren2005,Plant-Pollinator,Monolayer,1,1,1
159,M_SD_Ruggera_2016_EcoPortal,Plant-Seed Dispersers,Monolayer,1,0.8,1
160,M_SD_Ruggera_2016_EcoPortal,Plant-Seed Dispersers,Monolayer,1,1,1
161,M_SD_Correia_2016_non-sanctuary,Plant-Seed Dispersers,Monolayer,1,0.8,1
162,M_SD_Correia_2016_non-sanctuary,Plant-Seed Dispersers,Monolayer,1,1,1
163,M_PL_Brosi2017_Gothic_Road_2013_Manipulation,Plant-Pollinator,Monolayer,1,0.8,1
164,M_PL_Brosi2017_Gothic_Road_2013_Manipulation,Plant-Pollinator,Monolayer,1,1,1
165,M_SD_Skutch_1980,Plant-Seed Dispersers,Monolayer,1,0.8,1
166,M_SD_Skutch_1980,Plant-Seed Dispersers,Monolayer,1,1,1
167,M_SD_fragmented_Farwig,Plant-Seed Dispersers,Monolayer,1,0.8,1
168,M_SD_fragmented_Farwig,Plant-Seed Dispersers,Monolayer,1,1,1
169,M_PL_Kaiser-Bunbury_2014_061_39,Plant-Pollinator,Monolayer,1,0.8,1
170,M_PL_Kaiser-Bunbury_2014_061_39,Plant-Pollinator,Monolayer,1,1,1
171,M_PL_Trojelsgaard_2015_Site5_GranCanaria1,Plant-Pollinator,Monolayer,1,0.8,1
172,M_PL_Trojelsgaard_2015_Site5_GranCanaria1,Plant-Pollinator,Monolayer,1,1,1
173,M_SD_Sanitjan_2009_ML_primary_forest,Plant-Seed Dispersers,Monolayer,1,0.8,1
174,M_SD_Sanitjan_2009_ML_primary_forest,Plant-Seed Dispersers,Monolayer,1,1,1
175,M_PL_Orford_2016_Field-13,Plant-Pollinator,Monolayer,1,0.8,1
176,M_PL_Orford_2016_Field-13,Plant-Pollinator,Monolayer,1,1,1
177,A_HP_belay15,Host-Parasite,Monolayer,1,0.8,1
178,A_HP_belay15,Host-Parasite,Monolayer,1,1,1
179,M_PL_Lara-Romero_2016_nevero-Encroachedpasture-7,Plant-Pollinator,Monolayer,1,0.8,1
180,M_PL_Lara-Romero_2016_nevero-Encroachedpasture-7,Plant-Pollinator,Monolayer,1,1,1
181,A_HP_Hadfield_2013_007,Host-Parasite,Monolayer,1,0.8,1
182,A_HP_Hadfield_2013_007,Host-Parasite,Monolayer,1,1,1
183,M_PL_Dicks2002-1,Plant-Pollinator,Monolayer,1,0.8,1
184,M_PL_Dicks2002-1,Plant-Pollinator,Monolayer,1,1,1
185,M_PL_Brosi2017_Judd_Falls_TH_2013_Control,Plant-Pollinator,Monolayer,1,0.8,1
186,M_PL_Brosi2017_Judd_Falls_TH_2013_Control,Plant-Pollinator,Monolayer,1,1,1
187,M_SD_Dehling_2017_San_Pedro_4,Plant-Seed Dispersers,Monolayer,1,0.8,1
188,M_SD_Dehling_2017_San_Pedro_4,Plant-Seed Dispersers,Monolayer,1,1,1
189,M_PL_Kaiser-Bunbury_2010_060_04,Plant-Pollinator,Monolayer,1,0.8,1
190,M_PL_Kaiser-Bunbury_2010_060_04,Plant-Pollinator,Monolayer,1,1,1
191,A_HP_Hadfield_2013_047,Host-Parasite,Monolayer,1,0.8,1
192,A_HP_Hadfield_2013_047,Host-Parasite,Monolayer,1,1,1
193,A_HP_Macfadyen2009_paras-herb_B8,Host-Parasite,Monolayer,1,0.8,1
194,A_HP_Macfadyen2009_paras-herb_B8,Host-Parasite,Monolayer,1,1,1
195,M_SD_Ramos-Robles_2016_net8,Plant-Seed Dispersers,Monolayer,1,0.8,1
196,M_SD_Ramos-Robles_2016_net8,Plant-Seed Dispersers,Monolayer,1,1,1
197,A_PH_Macfadyen2009_plant-herb_B1,Plant-Herbivore,Monolayer,1,0.8,1
198,A_PH_Macfadyen2009_plant-herb_B1,Plant-Herbivore,Monolayer,1,1,1
199,M_PL_Orford_2016_Field-24,Plant-Pollinator,Monolayer,1,0.8,1
200,M_PL_Orford_2016_Field-24,Plant-Pollinator,Monolayer,1,1,1
201,A_HP_Hadfield_2013_051,Host-Parasite,Monolayer,1,0.8,1
202,A_HP_Hadfield_2013_051,Host-Parasite,Monolayer,1,1,1
203,M_SD_Bleher_2003,Plant-Seed Dispersers,Monolayer,1,0.8,1
204,M_SD_Bleher_2003,Plant-Seed Dispersers,Monolayer,1,1,1
205,A_HP_Macfadyen2009_paras-herb_B7,Host-Parasite,Monolayer,1,0.8,1
206,A_HP_Macfadyen2009_paras-herb_B7,Host-Parasite,Monolayer,1,1,1
207,M_PL_Lara-Romero_2016_penalara-Pasture-1,Plant-Pollinator,Monolayer,1,0.8,1
208,M_PL_Lara-Romero_2016_penalara-Pasture-1,Plant-Pollinator,Monolayer,1,1,1
209,M_PL_Dupont2009-1,Plant-Pollinator,Monolayer,1,0.8,1
210,M_PL_Dupont2009-1,Plant-Pollinator,Monolayer,1,1,1
211,M_SD_Albrecht_30_2012,Plant-Seed Dispersers,Monolayer,1,0.8,1
212,M_SD_Albrecht_30_2012,Plant-Seed Dispersers,Monolayer,1,1,1
213,M_PL_Kaiser-Bunbury_2014_061_36,Plant-Pollinator,Monolayer,1,0.8,1
214,M_PL_Kaiser-Bunbury_2014_061_36,Plant-Pollinator,Monolayer,1,1,1
215,M_PL_Kaiser-Bunbury_2014_061_02,Plant-Pollinator,Monolayer,1,0.8,1
216,M_PL_Kaiser-Bunbury_2014_061_02,Plant-Pollinator,Monolayer,1,1,1
217,M_PL_Brosi2017_Belleview_Bench_2013_Control,Plant-Pollinator,Monolayer,1,0.8,1
218,M_PL_Brosi2017_Belleview_Bench_2013_Control,Plant-Pollinator,Monolayer,1,1,1
219,M_PL_Sabatino_5,Plant-Pollinator,Monolayer,1,0.8,1
220,M_PL_Sabatino_5,Plant-Pollinator,Monolayer,1,1,1
221,M_PL_Kaiser-Bunbury_2014_061_30,Plant-Pollinator,Monolayer,1,0.8,1
222,M_PL_Kaiser-Bunbury_2014_061_30,Plant-Pollinator,Monolayer,1,1,1
223,M_PL_Kaiser-Bunbury_2010_060_16,Plant-Pollinator,Monolayer,1,0.8,1
224,M_PL_Kaiser-Bunbury_2010_060_16,Plant-Pollinator,Monolayer,1,1,1
225,M_SD_Beehler1983,Plant-Seed Dispersers,Monolayer,1,0.8,1
226,M_SD_Beehler1983,Plant-Seed Dispersers,Monolayer,1,1,1
227,M_SD_Jayasekara_2007,Plant-Seed Dispersers,Monolayer,1,0.8,1
228,M_SD_Jayasekara_2007,Plant-Seed Dispersers,Monolayer,1,1,1
229,M_PL_Orford_2016_Field-55,Plant-Pollinator,Monolayer,1,0.8,1
230,M_PL_Orford_2016_Field-55,Plant-Pollinator,Monolayer,1,1,1
231,M_PL_Kaiser-Bunbury_2014_061_28,Plant-Pollinator,Monolayer,1,0.8,1
232,M_PL_Kaiser-Bunbury_2014_061_28,Plant-Pollinator,Monolayer,1,1,1
233,M_SD_Genrich_2017,Plant-Seed Dispersers,Monolayer,1,0.8,1
234,M_SD_Genrich_2017,Plant-Seed Dispersers,Monolayer,1,1,1
235,M_PL_Gilarranz_2015_ElMorro,Plant-Pollinator,Monolayer,1,0.8,1
236,M_PL_Gilarranz_2015_ElMorro,Plant-Pollinator,Monolayer,1,1,1
237,M_SD_Plein_2013_Forest_autumn,Plant-Seed Dispersers,Monolayer,1,0.8,1
238,M_SD_Plein_2013_Forest_autumn,Plant-Seed Dispersers,Monolayer,1,1,1
239,M_SD_Fonseca_2007,Plant-Seed Dispersers,Monolayer,1,0.8,1
240,M_SD_Fonseca_2007,Plant-Seed Dispersers,Monolayer,1,1,1
241,M_PL_Brosi2017_Cold_Springs_Ranch_2014_Control,Plant-Pollinator,Monolayer,1,0.8,1
242,M_PL_Brosi2017_Cold_Springs_Ranch_2014_Control,Plant-Pollinator,Monolayer,1,1,1
243,A_PH_Macfadyen2009_plant-herb_B9,Plant-Herbivore,Monolayer,1,0.8,1
244,A_PH_Macfadyen2009_plant-herb_B9,Plant-Herbivore,Monolayer,1,1,1
245,M_SD_Dowsett-Lemaire_1988,Plant-Seed Dispersers,Monolayer,1,0.8,1
246,M_SD_Dowsett-Lemaire_1988,Plant-Seed Dispersers,Monolayer,1,1,1
247,M_SD_Plein_2013_Farmland_autumn,Plant-Seed Dispersers,Monolayer,1,0.8,1
248,M_SD_Plein_2013_Farmland_autumn,Plant-Seed Dispersers,Monolayer,1,1,1
249,M_SD_Skeate_1985,Plant-Seed Dispersers,Monolayer,1,0.8,1
250,M_SD_Skeate_1985,Plant-Seed Dispersers,Monolayer,1,1,1
251,A_HP_Hadfield_2013_014,Host-Parasite,Monolayer,1,0.8,1
252,A_HP_Hadfield_2013_014,Host-Parasite,Monolayer,1,1,1
253,M_SD_Ramos-Robles_2018,Plant-Seed Dispersers,Monolayer,1,0.8,1
254,M_SD_Ramos-Robles_2018,Plant-Seed Dispersers,Monolayer,1,1,1
255,M_SD_Lambert1989,Plant-Seed Dispersers,Monolayer,1,0.8,1
256,M_SD_Lambert1989,Plant-Seed Dispersers,Monolayer,1,1,1
257,M_SD_Ruggera_2016_Los_Chorizos,Plant-Seed Dispersers,Monolayer,1,0.8,1
258,M_SD_Ruggera_2016_Los_Chorizos,Plant-Seed Dispersers,Monolayer,1,1,1
259,M_PL_Lara-Romero_2016_nevero-Pasture-9,Plant-Pollinator,Monolayer,1,0.8,1
260,M_PL_Lara-Romero_2016_nevero-Pasture-9,Plant-Pollinator,Monolayer,1,1,1
261,M_PL_Kaiser-Bunbury_2014_061_43,Plant-Pollinator,Monolayer,1,0.8,1
262,M_PL_Kaiser-Bunbury_2014_061_43,Plant-Pollinator,Monolayer,1,1,1
263,M_SD_Ruggera_2016_Quebrada_del_Port,Plant-Seed Dispersers,Monolayer,1,0.8,1
264,M_SD_Ruggera_2016_Quebrada_del_Port,Plant-Seed Dispersers,Monolayer,1,1,1
265,M_PL_Gilarranz_2015_PiedraAlta,Plant-Pollinator,Monolayer,1,0.8,1
266,M_PL_Gilarranz_2015_PiedraAlta,Plant-Pollinator,Monolayer,1,1,1
267,M_PL_Kaiser-Bunbury_2010_060_21,Plant-Pollinator,Monolayer,1,0.8,1
268,M_PL_Kaiser-Bunbury_2010_060_21,Plant-Pollinator,Monolayer,1,1,1
269,M_PL_Brosi2017_Past_Rustlers_2013_Manipulation,Plant-Pollinator,Monolayer,1,0.8,1
270,M_PL_Brosi2017_Past_Rustlers_2013_Manipulation,Plant-Pollinator,Monolayer,1,1,1
271,A_HP_Arthur1976,Host-Parasite,Monolayer,1,0.8,1
272,A_HP_Arthur1976,Host-Parasite,Monolayer,1,1,1
273,M_SD_Souza_Laurindo_2017,Plant-Seed Dispersers,Monolayer,1,0.8,1
274,M_SD_Souza_Laurindo_2017,Plant-Seed Dispersers,Monolayer,1,1,1
275,M_PL_Lara-Romero_2016_penalara-Pasture-8,Plant-Pollinator,Monolayer,1,0.8,1
276,M_PL_Lara-Romero_2016_penalara-Pasture-8,Plant-Pollinator,Monolayer,1,1,1
277,M_PL_Carstensen2017_Gomera,Plant-Pollinator,Monolayer,1,0.8,1
278,M_PL_Carstensen2017_Gomera,Plant-Pollinator,Monolayer,1,1,1
279,M_SD_Wilms_2006,Plant-Seed Dispersers,Monolayer,1,0.8,1
280,M_SD_Wilms_2006,Plant-Seed Dispersers,Monolayer,1,1,1
281,M_SD_Quijano-Vasquez_2017,Plant-Seed Dispersers,Monolayer,1,0.8,1
282,M_SD_Quijano-Vasquez_2017,Plant-Seed Dispersers,Monolayer,1,1,1
283,A_HP_Hadfield_2013_013,Host-Parasite,Monolayer,1,0.8,1
284,A_HP_Hadfield_2013_013,Host-Parasite,Monolayer,1,1,1
285,M_PL_Orford_2016_Field-4,Plant-Pollinator,Monolayer,1,0.8,1
286,M_PL_Orford_2016_Field-4,Plant-Pollinator,Monolayer,1,1,1
287,M_SD_Walther_2018,Plant-Seed Dispersers,Monolayer,1,0.8,1
288,M_SD_Walther_2018,Plant-Seed Dispersers,Monolayer,1,1,1
289,M_SD_Albrecht_111_2012,Plant-Seed Dispersers,Monolayer,1,0.8,1
290,M_SD_Albrecht_111_2012,Plant-Seed Dispersers,Monolayer,1,1,1
291,M_PL_Lara-Romero_2016_penalara-Encroachedpasture-2,Plant-Pollinator,Monolayer,1,0.8,1
292,M_PL_Lara-Romero_2016_penalara-Encroachedpasture-2,Plant-Pollinator,Monolayer,1,1,1
293,M_PL_Brosi2017_Rustlers_2013_Control,Plant-Pollinator,Monolayer,1,0.8,1
294,M_PL_Brosi2017_Rustlers_2013_Control,Plant-Pollinator,Monolayer,1,1,1
295,M_SD_Chen_1999,Plant-Seed Dispersers,Monolayer,1,0.8,1
296,M_SD_Chen_1999,Plant-Seed Dispersers,Monolayer,1,1,1
297,A_HP_Hadfield_2013_046,Host-Parasite,Monolayer,1,0.8,1
298,A_HP_Hadfield_2013_046,Host-Parasite,Monolayer,1,1,1
299,M_SD_Castano_2009,Plant-Seed Dispersers,Monolayer,1,0.8,1
300,M_SD_Castano_2009,Plant-Seed Dispersers,Monolayer,1,1,1
301,M_SD_Fuentes_1994,Plant-Seed Dispersers,Monolayer,1,0.8,1
302,M_SD_Fuentes_1994,Plant-Seed Dispersers,Monolayer,1,1,1
303,M_SD_Kone_2008,Plant-Seed Dispersers,Monolayer,1,0.8,1
304,M_SD_Kone_2008,Plant-Seed Dispersers,Monolayer,1,1,1
305,M_SD_Garcia-Estrada_2012,Plant-Seed Dispersers,Monolayer,1,0.8,1
306,M_SD_Garcia-Estrada_2012,Plant-Seed Dispersers,Monolayer,1,1,1
307,M_PL_Orford_2016_Farm-2013-B1,Plant-Pollinator,Monolayer,1,0.8,1
308,M_PL_Orford_2016_Farm-2013-B1,Plant-Pollinator,Monolayer,1,1,1
309,M_SD_Ruggera_2016_A,Plant-Seed Dispersers,Monolayer,1,0.8,1
310,M_SD_Ruggera_2016_A,Plant-Seed Dispersers,Monolayer,1,1,1
311,M_PL_Kaiser-Bunbury_2014_061_26,Plant-Pollinator,Monolayer,1,0.8,1
312,M_PL_Kaiser-Bunbury_2014_061_26,Plant-Pollinator,Monolayer,1,1,1
313,A_HP_belay14,Host-Parasite,Monolayer,1,0.8,1
314,A_HP_belay14,Host-Parasite,Monolayer,1,1,1
315,M_SD_Jaroszewicz_2013,Plant-Seed Dispersers,Monolayer,1,0.8,1
316,M_SD_Jaroszewicz_2013,Plant-Seed Dispersers,Monolayer,1,1,1
317,M_PL_Orford_2016_Field-49,Plant-Pollinator,Monolayer,1,0.8,1
318,M_PL_Orford_2016_Field-49,Plant-Pollinator,Monolayer,1,1,1
319,A_HP_Hadfield_2013_008,Host-Parasite,Monolayer,1,0.8,1
320,A_HP_Hadfield_2013_008,Host-Parasite,Monolayer,1,1,1
321,M_SD_Williams_1996_Marsden,Plant-Seed Dispersers,Monolayer,1,0.8,1
322,M_SD_Williams_1996_Marsden,Plant-Seed Dispersers,Monolayer,1,1,1
323,M_PL_Lara-Romero_2016_penalara-Encroachedpasture-7,Plant-Pollinator,Monolayer,1,0.8,1
324,M_PL_Lara-Romero_2016_penalara-Encroachedpasture-7,Plant-Pollinator,Monolayer,1,1,1
325,M_PL_Lara-Romero_2016_penalara-Encroachedpasture-3,Plant-Pollinator,Monolayer,1,0.8,1
326,M_PL_Lara-Romero_2016_penalara-Encroachedpasture-3,Plant-Pollinator,Monolayer,1,1,1
327,M_PL_Kaiser-Bunbury_2014_061_16,Plant-Pollinator,Monolayer,1,0.8,1
328,M_PL_Kaiser-Bunbury_2014_061_16,Plant-Pollinator,Monolayer,1,1,1
329,A_PH_Macfadyen2009_plant-herb_A6,Plant-Herbivore,Monolayer,1,0.8,1
330,A_PH_Macfadyen2009_plant-herb_A6,Plant-Herbivore,Monolayer,1,1,1
331,M_PL_Kaiser-Bunbury_2010_060_19,Plant-Pollinator,Monolayer,1,0.8,1
332,M_PL_Kaiser-Bunbury_2010_060_19,Plant-Pollinator,Monolayer,1,1,1
333,M_PL_Orford_2016_Field-58,Plant-Pollinator,Monolayer,1,0.8,1
334,M_PL_Orford_2016_Field-58,Plant-Pollinator,Monolayer,1,1,1
335,A_PH_Macfadyen2009_plant-herb_B8,Plant-Herbivore,Monolayer,1,0.8,1
336,A_PH_Macfadyen2009_plant-herb_B8,Plant-Herbivore,Monolayer,1,1,1
337,M_SD_Gorchov_1995,Plant-Seed Dispersers,Monolayer,1,0.8,1
338,M_SD_Gorchov_1995,Plant-Seed Dispersers,Monolayer,1,1,1
339,M_SD_Jordano-1,Plant-Seed Dispersers,Monolayer,1,0.8,1
340,M_SD_Jordano-1,Plant-Seed Dispersers,Monolayer,1,1,1
341,M_PL_Schemske1978,Plant-Pollinator,Monolayer,1,0.8,1
342,M_PL_Schemske1978,Plant-Pollinator,Monolayer,1,1,1
343,A_HP_Hadfield_2013_006,Host-Parasite,Monolayer,1,0.8,1
344,A_HP_Hadfield_2013_006,Host-Parasite,Monolayer,1,1,1
345,M_SD_Castro_2015,Plant-Seed Dispersers,Monolayer,1,0.8,1
346,M_SD_Castro_2015,Plant-Seed Dispersers,Monolayer,1,1,1
347,M_SD_Llewellyn_1952,Plant-Seed Dispersers,Monolayer,1,0.8,1
348,M_SD_Llewellyn_1952,Plant-Seed Dispersers,Monolayer,1,1,1
349,M_SD_Garcia_2016,Plant-Seed Dispersers,Monolayer,1,0.8,1
350,M_SD_Garcia_2016,Plant-Seed Dispersers,Monolayer,1,1,1
351,M_SD_Chama_2013_net2,Plant-Seed Dispersers,Monolayer,1,0.8,1
352,M_SD_Chama_2013_net2,Plant-Seed Dispersers,Monolayer,1,1,1
353,M_PL_Maglianesi_mid,Plant-Pollinator,Monolayer,1,0.8,1
354,M_PL_Maglianesi_mid,Plant-Pollinator,Monolayer,1,1,1
355,M_SD_Marcos_da_Silva_2013,Plant-Seed Dispersers,Monolayer,1,0.8,1
356,M_SD_Marcos_da_Silva_2013,Plant-Seed Dispersers,Monolayer,1,1,1
357,M_SD_Ruggera_2016_El_Noglar,Plant-Seed Dispersers,Monolayer,1,0.8,1
358,M_SD_Ruggera_2016_El_Noglar,Plant-Seed Dispersers,Monolayer,1,1,1
359,M_PL_Kaiser-Bunbury_2010_060_01,Plant-Pollinator,Monolayer,1,0.8,1
360,M_PL_Kaiser-Bunbury_2010_060_01,Plant-Pollinator,Monolayer,1,1,1
361,M_SD_Pratt_1985,Plant-Seed Dispersers,Monolayer,1,0.8,1
362,M_SD_Pratt_1985,Plant-Seed Dispersers,Monolayer,1,1,1
363,M_PL_Trojelsgaard_2015_Site12_Gomera2,Plant-Pollinator,Monolayer,1,0.8,1
364,M_PL_Trojelsgaard_2015_Site12_Gomera2,Plant-Pollinator,Monolayer,1,1,1
365,A_HP_Macfadyen2009_paras-herb_B6,Host-Parasite,Monolayer,1,0.8,1
366,A_HP_Macfadyen2009_paras-herb_B6,Host-Parasite,Monolayer,1,1,1
367,A_PH_basset1996,Plant-Herbivore,Monolayer,1,0.8,1
368,A_PH_basset1996,Plant-Herbivore,Monolayer,1,1,1
369,M_SD_Dehling_2017_Wayqecha_3,Plant-Seed Dispersers,Monolayer,1,0.8,1
370,M_SD_Dehling_2017_Wayqecha_3,Plant-Seed Dispersers,Monolayer,1,1,1
371,M_PL_Brosi2017_Judd_Falls_TH_2014_Control,Plant-Pollinator,Monolayer,1,0.8,1
372,M_PL_Brosi2017_Judd_Falls_TH_2014_Control,Plant-Pollinator,Monolayer,1,1,1
373,M_SD_Suarez-Castro_2015,Plant-Seed Dispersers,Monolayer,1,0.8,1
374,M_SD_Suarez-Castro_2015,Plant-Seed Dispersers,Monolayer,1,1,1
375,M_SD_da_Silva_2015_site_B,Plant-Seed Dispersers,Monolayer,1,0.8,1
376,M_SD_da_Silva_2015_site_B,Plant-Seed Dispersers,Monolayer,1,1,1
377,M_PL_Orford_2016_Field-64,Plant-Pollinator,Monolayer,1,0.8,1
378,M_PL_Orford_2016_Field-64,Plant-Pollinator,Monolayer,1,1,1
379,M_PL_Carstensen2017_Fuerteventura,Plant-Pollinator,Monolayer,1,0.8,1
380,M_PL_Carstensen2017_Fuerteventura,Plant-Pollinator,Monolayer,1,1,1
381,A_HP_Chinniah1978,Host-Parasite,Monolayer,1,0.8,1
382,A_HP_Chinniah1978,Host-Parasite,Monolayer,1,1,1
383,M_PL_Orford_2016_Farm-2012-B8,Plant-Pollinator,Monolayer,1,0.8,1
384,M_PL_Orford_2016_Farm-2012-B8,Plant-Pollinator,Monolayer,1,1,1
385,M_PL_Orford_2016_Field-51,Plant-Pollinator,Monolayer,1,0.8,1
386,M_PL_Orford_2016_Field-51,Plant-Pollinator,Monolayer,1,1,1
387,M_SD_Dehling_2017_San_Pedro_3,Plant-Seed Dispersers,Monolayer,1,0.8,1
388,M_SD_Dehling_2017_San_Pedro_3,Plant-Seed Dispersers,Monolayer,1,1,1
389,M_SD_Dehling_2017_San_Pedro_1,Plant-Seed Dispersers,Monolayer,1,0.8,1
390,M_SD_Dehling_2017_San_Pedro_1,Plant-Seed Dispersers,Monolayer,1,1,1
391,M_PL_Orford_2016_Field-10,Plant-Pollinator,Monolayer,1,0.8,1
392,M_PL_Orford_2016_Field-10,Plant-Pollinator,Monolayer,1,1,1
393,M_SD_Preciado-Benitez_2015,Plant-Seed Dispersers,Monolayer,1,0.8,1
394,M_SD_Preciado-Benitez_2015,Plant-Seed Dispersers,Monolayer,1,1,1
395,M_SD_Balasubramanian_1996,Plant-Seed Dispersers,Monolayer,1,0.8,1
396,M_SD_Balasubramanian_1996,Plant-Seed Dispersers,Monolayer,1,1,1
397,M_PL_Kaiser-Bunbury_2014_061_07,Plant-Pollinator,Monolayer,1,0.8,1
398,M_PL_Kaiser-Bunbury_2014_061_07,Plant-Pollinator,Monolayer,1,1,1
399,M_SD_Quitian_2018_2000Fragmented,Plant-Seed Dispersers,Monolayer,1,0.8,1
400,M_SD_Quitian_2018_2000Fragmented,Plant-Seed Dispersers,Monolayer,1,1,1
401,M_PL_Small1976,Plant-Pollinator,Monolayer,1,0.8,1
402,M_PL_Small1976,Plant-Pollinator,Monolayer,1,1,1
403,M_PL_Abreu,Plant-Pollinator,Monolayer,1,0.8,1
404,M_PL_Abreu,Plant-Pollinator,Monolayer,1,1,1
405,M_SD_Sethi_2012,Plant-Seed Dispersers,Monolayer,1,0.8,1
406,M_SD_Sethi_2012,Plant-Seed Dispersers,Monolayer,1,1,1
407,M_SD_Frost1980,Plant-Seed Dispersers,Monolayer,1,0.8,1
408,M_SD_Frost1980,Plant-Seed Dispersers,Monolayer,1,1,1
409,M_PL_Brosi2017_Cold_Springs_Ranch_2014_Manipulation,Plant-Pollinator,Monolayer,1,0.8,1
410,M_PL_Brosi2017_Cold_Springs_Ranch_2014_Manipulation,Plant-Pollinator,Monolayer,1,1,1
411,A_PH_site06_period01_Martins,Plant-Herbivore,Monolayer,1,0.8,1
412,A_PH_site06_period01_Martins,Plant-Herbivore,Monolayer,1,1,1
413,M_PL_Kaiser-Bunbury_2014_061_31,Plant-Pollinator,Monolayer,1,0.8,1
414,M_PL_Kaiser-Bunbury_2014_061_31,Plant-Pollinator,Monolayer,1,1,1
415,M_PL_Trojelsgaard_2015_Site4_Fuerteventura2,Plant-Pollinator,Monolayer,1,0.8,1
416,M_PL_Trojelsgaard_2015_Site4_Fuerteventura2,Plant-Pollinator,Monolayer,1,1,1
417,M_SD_de_Oliveira_1999,Plant-Seed Dispersers,Monolayer,1,0.8,1
418,M_SD_de_Oliveira_1999,Plant-Seed Dispersers,Monolayer,1,1,1
419,M_PL_Kaiser-Bunbury_2010_060_24,Plant-Pollinator,Monolayer,1,0.8,1
420,M_PL_Kaiser-Bunbury_2010_060_24,Plant-Pollinator,Monolayer,1,1,1
421,M_PL_Brosi2017_Gothic_Road_Grate_2014_Manipulation,Plant-Pollinator,Monolayer,1,0.8,1
422,M_PL_Brosi2017_Gothic_Road_Grate_2014_Manipulation,Plant-Pollinator,Monolayer,1,1,1
423,M_SD_Aguiar_2007,Plant-Seed Dispersers,Monolayer,1,0.8,1
424,M_SD_Aguiar_2007,Plant-Seed Dispersers,Monolayer,1,1,1
425,M_SD_Montalvan_2015,Plant-Seed Dispersers,Monolayer,1,0.8,1
426,M_SD_Montalvan_2015,Plant-Seed Dispersers,Monolayer,1,1,1
427,M_SD_MacFarlane_2016,Plant-Seed Dispersers,Monolayer,1,0.8,1
428,M_SD_MacFarlane_2016,Plant-Seed Dispersers,Monolayer,1,1,1
429,M_PL_Carstensen2017_GranCanaria,Plant-Pollinator,Monolayer,1,0.8,1
430,M_PL_Carstensen2017_GranCanaria,Plant-Pollinator,Monolayer,1,1,1
431,M_PL_Brosi2017_Judd_Falls_TH_2013_Manipulation,Plant-Pollinator,Monolayer,1,0.8,1
432,M_PL_Brosi2017_Judd_Falls_TH_2013_Manipulation,Plant-Pollinator,Monolayer,1,1,1
433,M_PL_Orford_2016_Farm-2012-B2,Plant-Pollinator,Monolayer,1,0.8,1
434,M_PL_Orford_2016_Farm-2012-B2,Plant-Pollinator,Monolayer,1,1,1
435,A_HP_Hadfield_2013_009,Host-Parasite,Monolayer,1,0.8,1
436,A_HP_Hadfield_2013_009,Host-Parasite,Monolayer,1,1,1
437,A_PH_ueckert,Plant-Herbivore,Monolayer,1,0.8,1
438,A_PH_ueckert,Plant-Herbivore,Monolayer,1,1,1
439,M_SD_Ramos-Robles_2016_net10,Plant-Seed Dispersers,Monolayer,1,0.8,1
440,M_SD_Ramos-Robles_2016_net10,Plant-Seed Dispersers,Monolayer,1,1,1
441,M_PL_Orford_2016_Farm-2013-B2,Plant-Pollinator,Monolayer,1,0.8,1
442,M_PL_Orford_2016_Farm-2013-B2,Plant-Pollinator,Monolayer,1,1,1
443,M_PL_Lara-Romero_2016_nevero-Pasture-6,Plant-Pollinator,Monolayer,1,0.8,1
444,M_PL_Lara-Romero_2016_nevero-Pasture-6,Plant-Pollinator,Monolayer,1,1,1
445,A_PH_site10_period01_Martins,Plant-Herbivore,Monolayer,1,0.8,1
446,A_PH_site10_period01_Martins,Plant-Herbivore,Monolayer,1,1,1
447,M_PL_cotton,Plant-Pollinator,Monolayer,1,0.8,1
448,M_PL_cotton,Plant-Pollinator,Monolayer,1,1,1
449,M_SD_Chama_2013_net4,Plant-Seed Dispersers,Monolayer,1,0.8,1
450,M_SD_Chama_2013_net4,Plant-Seed Dispersers,Monolayer,1,1,1
451,M_SD_Ortiz-Pulido_2000,Plant-Seed Dispersers,Monolayer,1,0.8,1
452,M_SD_Ortiz-Pulido_2000,Plant-Seed Dispersers,Monolayer,1,1,1
453,A_HP_Macfadyen2009_paras-herb_A9,Host-Parasite,Monolayer,1,0.8,1
454,A_HP_Macfadyen2009_paras-herb_A9,Host-Parasite,Monolayer,1,1,1
455,M_PL_Lara-Romero_2016_penalara-Pasture-9,Plant-Pollinator,Monolayer,1,0.8,1
456,M_PL_Lara-Romero_2016_penalara-Pasture-9,Plant-Pollinator,Monolayer,1,1,1
457,M_PL_Olesen-3,Plant-Pollinator,Monolayer,1,0.8,1
458,M_PL_Olesen-3,Plant-Pollinator,Monolayer,1,1,1
459,M_SD_Donatti_2011,Plant-Seed Dispersers,Monolayer,1,0.8,1
460,M_SD_Donatti_2011,Plant-Seed Dispersers,Monolayer,1,1,1
461,A_HP_Hadfield_2013_012,Host-Parasite,Monolayer,1,0.8,1
462,A_HP_Hadfield_2013_012,Host-Parasite,Monolayer,1,1,1
463,M_SD_Dehling_2017_San_Pedro_2,Plant-Seed Dispersers,Monolayer,1,0.8,1
464,M_SD_Dehling_2017_San_Pedro_2,Plant-Seed Dispersers,Monolayer,1,1,1
465,M_SD_VELHO2,Plant-Seed Dispersers,Monolayer,1,0.8,1
466,M_SD_VELHO2,Plant-Seed Dispersers,Monolayer,1,1,1
467,M_PL_Carstensen2017_TenerifeSyd,Plant-Pollinator,Monolayer,1,0.8,1
468,M_PL_Carstensen2017_TenerifeSyd,Plant-Pollinator,Monolayer,1,1,1
469,M_SD_Scherer_2007,Plant-Seed Dispersers,Monolayer,1,0.8,1
470,M_SD_Scherer_2007,Plant-Seed Dispersers,Monolayer,1,1,1
471,A_HP_belay25,Host-Parasite,Monolayer,1,0.8,1
472,A_HP_belay25,Host-Parasite,Monolayer,1,1,1
473,A_HP_Hadfield_2013_038,Host-Parasite,Monolayer,1,0.8,1
474,A_HP_Hadfield_2013_038,Host-Parasite,Monolayer,1,1,1
475,M_PL_Lara-Romero_2016_penalara-Encroachedpasture-6,Plant-Pollinator,Monolayer,1,0.8,1
476,M_PL_Lara-Romero_2016_penalara-Encroachedpasture-6,Plant-Pollinator,Monolayer,1,1,1
477,M_PL_Bezerra2009,Plant-Pollinator,Monolayer,1,0.8,1
478,M_PL_Bezerra2009,Plant-Pollinator,Monolayer,1,1,1
479,M_PL_Brosi2017_Gothic_Road_Steep_2014_Manipulation,Plant-Pollinator,Monolayer,1,0.8,1
480,M_PL_Brosi2017_Gothic_Road_Steep_2014_Manipulation,Plant-Pollinator,Monolayer,1,1,1
481,M_PL_bartomeus,Plant-Pollinator,Monolayer,1,0.8,1
482,M_PL_bartomeus,Plant-Pollinator,Monolayer,1,1,1
483,M_PL_Trojelsgaard_2015_Site7_TenerifeSouth1,Plant-Pollinator,Monolayer,1,0.8,1
484,M_PL_Trojelsgaard_2015_Site7_TenerifeSouth1,Plant-Pollinator,Monolayer,1,1,1
485,A_HP_Hadfield_2013_025,Host-Parasite,Monolayer,1,0.8,1
486,A_HP_Hadfield_2013_025,Host-Parasite,Monolayer,1,1,1
487,M_PL_Brosi2017_Gothic_Road_Steep_2014_Control,Plant-Pollinator,Monolayer,1,0.8,1
488,M_PL_Brosi2017_Gothic_Road_Steep_2014_Control,Plant-Pollinator,Monolayer,1,1,1
489,M_SD_Plein_2013_Orchard_autumn,Plant-Seed Dispersers,Monolayer,1,0.8,1
490,M_SD_Plein_2013_Orchard_autumn,Plant-Seed Dispersers,Monolayer,1,1,1
491,M_PL_Orford_2016_Field-7,Plant-Pollinator,Monolayer,1,0.8,1
492,M_PL_Orford_2016_Field-7,Plant-Pollinator,Monolayer,1,1,1
493,M_SD_Olesen_2018,Plant-Seed Dispersers,Monolayer,1,0.8,1
494,M_SD_Olesen_2018,Plant-Seed Dispersers,Monolayer,1,1,1
495,M_PL_Kaiser-Bunbury_2010_060_23,Plant-Pollinator,Monolayer,1,0.8,1
496,M_PL_Kaiser-Bunbury_2010_060_23,Plant-Pollinator,Monolayer,1,1,1
497,A_HP_Sugiura2007,Host-Parasite,Monolayer,1,0.8,1
498,A_HP_Sugiura2007,Host-Parasite,Monolayer,1,1,1
499,M_SD_Palita_2011,Plant-Seed Dispersers,Monolayer,1,0.8,1
500,M_SD_Palita_2011,Plant-Seed Dispersers,Monolayer,1,1,1
501,A_HP_Hadfield_2013_026,Host-Parasite,Monolayer,1,0.8,1
502,A_HP_Hadfield_2013_026,Host-Parasite,Monolayer,1,1,1
503,M_PL_Kaiser-Bunbury_2014_061_46,Plant-Pollinator,Monolayer,1,0.8,1
504,M_PL_Kaiser-Bunbury_2014_061_46,Plant-Pollinator,Monolayer,1,1,1
505,M_SD_Velazquez_2010,Plant-Seed Dispersers,Monolayer,1,0.8,1
506,M_SD_Velazquez_2010,Plant-Seed Dispersers,Monolayer,1,1,1
507,M_PL_Orford_2016_Farm-2013-B7,Plant-Pollinator,Monolayer,1,0.8,1
508,M_PL_Orford_2016_Farm-2013-B7,Plant-Pollinator,Monolayer,1,1,1
509,M_SD_SARM_whole_network_from_paper,Plant-Seed Dispersers,Monolayer,1,0.8,1
510,M_SD_SARM_whole_network_from_paper,Plant-Seed Dispersers,Monolayer,1,1,1
511,M_PL_Primack1983-1,Plant-Pollinator,Monolayer,1,0.8,1
512,M_PL_Primack1983-1,Plant-Pollinator,Monolayer,1,1,1
513,M_PL_Brosi2017_Brush_Creek_Sign_2014_Control,Plant-Pollinator,Monolayer,1,0.8,1
514,M_PL_Brosi2017_Brush_Creek_Sign_2014_Control,Plant-Pollinator,Monolayer,1,1,1
515,A_PH_site05_period01_Martins,Plant-Herbivore,Monolayer,1,0.8,1
516,A_PH_site05_period01_Martins,Plant-Herbivore,Monolayer,1,1,1
517,M_PL_Barrett1987,Plant-Pollinator,Monolayer,1,0.8,1
518,M_PL_Barrett1987,Plant-Pollinator,Monolayer,1,1,1
519,M_PL_Gilarranz_2015_Vigilancia,Plant-Pollinator,Monolayer,1,0.8,1
520,M_PL_Gilarranz_2015_Vigilancia,Plant-Pollinator,Monolayer,1,1,1
521,M_SD_Vizentin-Bugoni_2019_WAI,Plant-Seed Dispersers,Monolayer,1,0.8,1
522,M_SD_Vizentin-Bugoni_2019_WAI,Plant-Seed Dispersers,Monolayer,1,1,1
523,M_SD_Carlo2003-3,Plant-Seed Dispersers,Monolayer,1,0.8,1
524,M_SD_Carlo2003-3,Plant-Seed Dispersers,Monolayer,1,1,1
525,M_SD_Suzuki_2007,Plant-Seed Dispersers,Monolayer,1,0.8,1
526,M_SD_Suzuki_2007,Plant-Seed Dispersers,Monolayer,1,1,1
527,M_PL_Orford_2016_Farm-2012-B7,Plant-Pollinator,Monolayer,1,0.8,1
528,M_PL_Orford_2016_Farm-2012-B7,Plant-Pollinator,Monolayer,1,1,1
529,M_SD_Chama_2013_net5,Plant-Seed Dispersers,Monolayer,1,0.8,1
530,M_SD_Chama_2013_net5,Plant-Seed Dispersers,Monolayer,1,1,1
531,M_SD_Lopez___Vaughn_2004,Plant-Seed Dispersers,Monolayer,1,0.8,1
532,M_SD_Lopez___Vaughn_2004,Plant-Seed Dispersers,Monolayer,1,1,1
533,M_PL_Trojelsgaard_2015_Site13_Hierro1,Plant-Pollinator,Monolayer,1,0.8,1
534,M_PL_Trojelsgaard_2015_Site13_Hierro1,Plant-Pollinator,Monolayer,1,1,1
535,A_HP_Hadfield_2013_040,Host-Parasite,Monolayer,1,0.8,1
536,A_HP_Hadfield_2013_040,Host-Parasite,Monolayer,1,1,1
537,M_PL_Kaiser-Bunbury_2010_060_20,Plant-Pollinator,Monolayer,1,0.8,1
538,M_PL_Kaiser-Bunbury_2010_060_20,Plant-Pollinator,Monolayer,1,1,1
539,M_SD_Chama_2013_net8,Plant-Seed Dispersers,Monolayer,1,0.8,1
540,M_SD_Chama_2013_net8,Plant-Seed Dispersers,Monolayer,1,1,1
541,M_PL_Kaiser-Bunbury_2014_061_48,Plant-Pollinator,Monolayer,1,0.8,1
542,M_PL_Kaiser-Bunbury_2014_061_48,Plant-Pollinator,Monolayer,1,1,1
543,M_PL_Kaiser-Bunbury_2014_061_19,Plant-Pollinator,Monolayer,1,0.8,1
544,M_PL_Kaiser-Bunbury_2014_061_19,Plant-Pollinator,Monolayer,1,1,1
545,M_PL_Lara-Romero_2016_penalara-Encroachedpasture-5,Plant-Pollinator,Monolayer,1,0.8,1
546,M_PL_Lara-Romero_2016_penalara-Encroachedpasture-5,Plant-Pollinator,Monolayer,1,1,1
547,M_PL_Brosi2017_Gothic_Road_2013_Control,Plant-Pollinator,Monolayer,1,0.8,1
548,M_PL_Brosi2017_Gothic_Road_2013_Control,Plant-Pollinator,Monolayer,1,1,1
549,A_HP_Hadfield_2013_043,Host-Parasite,Monolayer,1,0.8,1
550,A_HP_Hadfield_2013_043,Host-Parasite,Monolayer,1,1,1
551,M_SD_Kitamura_2002,Plant-Seed Dispersers,Monolayer,1,0.8,1
552,M_SD_Kitamura_2002,Plant-Seed Dispersers,Monolayer,1,1,1
553,M_SD_Ruggera_2016_Sevenguillar,Plant-Seed Dispersers,Monolayer,1,0.8,1
554,M_SD_Ruggera_2016_Sevenguillar,Plant-Seed Dispersers,Monolayer,1,1,1
555,A_HP_Arai_parsnip,Host-Parasite,Monolayer,1,0.8,1
556,A_HP_Arai_parsnip,Host-Parasite,Monolayer,1,1,1
557,M_SD_Albrecht_301_2012,Plant-Seed Dispersers,Monolayer,1,0.8,1
558,M_SD_Albrecht_301_2012,Plant-Seed Dispersers,Monolayer,1,1,1
559,A_PH_HennemanXXXX-2,Plant-Herbivore,Monolayer,1,0.8,1
560,A_PH_HennemanXXXX-2,Plant-Herbivore,Monolayer,1,1,1
561,M_SD_Sanitjan_2009_XTBG_arboretum,Plant-Seed Dispersers,Monolayer,1,0.8,1
562,M_SD_Sanitjan_2009_XTBG_arboretum,Plant-Seed Dispersers,Monolayer,1,1,1
563,M_SD_Malacco_da_Silva_2014,Plant-Seed Dispersers,Monolayer,1,0.8,1
564,M_SD_Malacco_da_Silva_2014,Plant-Seed Dispersers,Monolayer,1,1,1
565,M_SD_Souza_Gomes_2008_primary_forest,Plant-Seed Dispersers,Monolayer,1,0.8,1
566,M_SD_Souza_Gomes_2008_primary_forest,Plant-Seed Dispersers,Monolayer,1,1,1
567,M_SD_Menke_2012_edge_little_dist,Plant-Seed Dispersers,Monolayer,1,0.8,1
568,M_SD_Menke_2012_edge_little_dist,Plant-Seed Dispersers,Monolayer,1,1,1
569,A_HP_Macfadyen2009_paras-herb_A7,Host-Parasite,Monolayer,1,0.8,1
570,A_HP_Macfadyen2009_paras-herb_A7,Host-Parasite,Monolayer,1,1,1
571,M_PL_Carstensen2017_ElHierro,Plant-Pollinator,Monolayer,1,0.8,1
572,M_PL_Carstensen2017_ElHierro,Plant-Pollinator,Monolayer,1,1,1
573,M_SD_Falcon_2018,Plant-Seed Dispersers,Monolayer,1,0.8,1
574,M_SD_Falcon_2018,Plant-Seed Dispersers,Monolayer,1,1,1
575,M_SD_Dos_Reis_1983_Cult_et_form_sec,Plant-Seed Dispersers,Monolayer,1,0.8,1
576,M_SD_Dos_Reis_1983_Cult_et_form_sec,Plant-Seed Dispersers,Monolayer,1,1,1
577,M_SD_Koike_2008,Plant-Seed Dispersers,Monolayer,1,0.8,1
578,M_SD_Koike_2008,Plant-Seed Dispersers,Monolayer,1,1,1
579,M_PL_Trojelsgaard_2015_Site1_WesternSahara1,Plant-Pollinator,Monolayer,1,0.8,1
580,M_PL_Trojelsgaard_2015_Site1_WesternSahara1,Plant-Pollinator,Monolayer,1,1,1
581,M_SD_Garcia-Morales_2012,Plant-Seed Dispersers,Monolayer,1,0.8,1
582,M_SD_Garcia-Morales_2012,Plant-Seed Dispersers,Monolayer,1,1,1
583,M_PL_Ollerton2003,Plant-Pollinator,Monolayer,1,0.8,1
584,M_PL_Ollerton2003,Plant-Pollinator,Monolayer,1,1,1
585,M_SD_Daru_2015,Plant-Seed Dispersers,Monolayer,1,0.8,1
586,M_SD_Daru_2015,Plant-Seed Dispersers,Monolayer,1,1,1
587,A_HP_Hadfield_2013_003,Host-Parasite,Monolayer,1,0.8,1
588,A_HP_Hadfield_2013_003,Host-Parasite,Monolayer,1,1,1
589,M_PL_Mazan_tinoco,Plant-Pollinator,Monolayer,1,0.8,1
590,M_PL_Mazan_tinoco,Plant-Pollinator,Monolayer,1,1,1
591,M_PL_Orford_2016_Field-15,Plant-Pollinator,Monolayer,1,0.8,1
592,M_PL_Orford_2016_Field-15,Plant-Pollinator,Monolayer,1,1,1
593,M_SD_Sankamethawee_2011,Plant-Seed Dispersers,Monolayer,1,0.8,1
594,M_SD_Sankamethawee_2011,Plant-Seed Dispersers,Monolayer,1,1,1
595,M_PL_Kaiser-Bunbury_2010_060_18,Plant-Pollinator,Monolayer,1,0.8,1
596,M_PL_Kaiser-Bunbury_2010_060_18,Plant-Pollinator,Monolayer,1,1,1
597,M_PL_Lara-Romero_2016_nevero-Encroachedpasture-4,Plant-Pollinator,Monolayer,1,0.8,1
598,M_PL_Lara-Romero_2016_nevero-Encroachedpasture-4,Plant-Pollinator,Monolayer,1,1,1
599,M_PL_Orford_2016_Field-33,Plant-Pollinator,Monolayer,1,0.8,1
600,M_PL_Orford_2016_Field-33,Plant-Pollinator,Monolayer,1,1,1
601,M_SD_Lessa_2013,Plant-Seed Dispersers,Monolayer,1,0.8,1
602,M_SD_Lessa_2013,Plant-Seed Dispersers,Monolayer,1,1,1
603,M_SD_Hodgkison_2001,Plant-Seed Dispersers,Monolayer,1,0.8,1
604,M_SD_Hodgkison_2001,Plant-Seed Dispersers,Monolayer,1,1,1
605,M_PL_Lara-Romero_2016_nevero-Pasture-4,Plant-Pollinator,Monolayer,1,0.8,1
606,M_PL_Lara-Romero_2016_nevero-Pasture-4,Plant-Pollinator,Monolayer,1,1,1
607,A_HP_Hadfield_2013_027,Host-Parasite,Monolayer,1,0.8,1
608,A_HP_Hadfield_2013_027,Host-Parasite,Monolayer,1,1,1
609,M_PL_Kaiser-Bunbury_2010_060_13,Plant-Pollinator,Monolayer,1,0.8,1
610,M_PL_Kaiser-Bunbury_2010_060_13,Plant-Pollinator,Monolayer,1,1,1
611,M_SD_Poulin1999_psychotria,Plant-Seed Dispersers,Monolayer,1,0.8,1
612,M_SD_Poulin1999_psychotria,Plant-Seed Dispersers,Monolayer,1,1,1
613,M_SD_Dubost_1984,Plant-Seed Dispersers,Monolayer,1,0.8,1
614,M_SD_Dubost_1984,Plant-Seed Dispersers,Monolayer,1,1,1
615,M_SD_Menke_2012_edge_highly_dist,Plant-Seed Dispersers,Monolayer,1,0.8,1
616,M_SD_Menke_2012_edge_highly_dist,Plant-Seed Dispersers,Monolayer,1,1,1
617,M_SD_Chatterjee_2014,Plant-Seed Dispersers,Monolayer,1,0.8,1
618,M_SD_Chatterjee_2014,Plant-Seed Dispersers,Monolayer,1,1,1
619,M_PL_Orford_2016_Farm-2012-B4,Plant-Pollinator,Monolayer,1,0.8,1
620,M_PL_Orford_2016_Farm-2012-B4,Plant-Pollinator,Monolayer,1,1,1
621,M_SD_Vizentin-Bugoni_2019_KAH,Plant-Seed Dispersers,Monolayer,1,0.8,1
622,M_SD_Vizentin-Bugoni_2019_KAH,Plant-Seed Dispersers,Monolayer,1,1,1
623,A_HP_Macfadyen2009_paras-herb_B3,Host-Parasite,Monolayer,1,0.8,1
624,A_HP_Macfadyen2009_paras-herb_B3,Host-Parasite,Monolayer,1,1,1
625,M_PL_Kaiser-Bunbury_2010_060_10,Plant-Pollinator,Monolayer,1,0.8,1
626,M_PL_Kaiser-Bunbury_2010_060_10,Plant-Pollinator,Monolayer,1,1,1
627,M_PL_Kaiser-Bunbury_2014_061_47,Plant-Pollinator,Monolayer,1,0.8,1
628,M_PL_Kaiser-Bunbury_2014_061_47,Plant-Pollinator,Monolayer,1,1,1
629,M_SD_Burns_2013,Plant-Seed Dispersers,Monolayer,1,0.8,1
630,M_SD_Burns_2013,Plant-Seed Dispersers,Monolayer,1,1,1
631,M_SD_Andrade_2011,Plant-Seed Dispersers,Monolayer,1,0.8,1
632,M_SD_Andrade_2011,Plant-Seed Dispersers,Monolayer,1,1,1
633,A_HP_Hadfield_2013_019,Host-Parasite,Monolayer,1,0.8,1
634,A_HP_Hadfield_2013_019,Host-Parasite,Monolayer,1,1,1
635,M_SD_Santiago_2014_far_from_remnant,Plant-Seed Dispersers,Monolayer,1,0.8,1
636,M_SD_Santiago_2014_far_from_remnant,Plant-Seed Dispersers,Monolayer,1,1,1
637,M_PL_Trojelsgaard_2015_Site8_TenerifeSouth2,Plant-Pollinator,Monolayer,1,0.8,1
638,M_PL_Trojelsgaard_2015_Site8_TenerifeSouth2,Plant-Pollinator,Monolayer,1,1,1
639,M_SD_Albrecht_315_2012,Plant-Seed Dispersers,Monolayer,1,0.8,1
640,M_SD_Albrecht_315_2012,Plant-Seed Dispersers,Monolayer,1,1,1
641,M_SD_Moreno-Mosquera_2011,Plant-Seed Dispersers,Monolayer,1,0.8,1
642,M_SD_Moreno-Mosquera_2011,Plant-Seed Dispersers,Monolayer,1,1,1
643,M_PL_Tur2013-PC,Plant-Pollinator,Monolayer,1,0.8,1
644,M_PL_Tur2013-PC,Plant-Pollinator,Monolayer,1,1,1
645,M_SD_Wolfe_2014,Plant-Seed Dispersers,Monolayer,1,0.8,1
646,M_SD_Wolfe_2014,Plant-Seed Dispersers,Monolayer,1,1,1
647,M_PL_Orford_2016_Field-54,Plant-Pollinator,Monolayer,1,0.8,1
648,M_PL_Orford_2016_Field-54,Plant-Pollinator,Monolayer,1,1,1
649,M_SD_Plein_2013_Farmland_summer,Plant-Seed Dispersers,Monolayer,1,0.8,1
650,M_SD_Plein_2013_Farmland_summer,Plant-Seed Dispersers,Monolayer,1,1,1
651,M_PL_LasCasas,Plant-Pollinator,Monolayer,1,0.8,1
652,M_PL_LasCasas,Plant-Pollinator,Monolayer,1,1,1
653,M_PL_Kaiser-Bunbury_2014_061_32,Plant-Pollinator,Monolayer,1,0.8,1
654,M_PL_Kaiser-Bunbury_2014_061_32,Plant-Pollinator,Monolayer,1,1,1
655,A_HP_Macfadyen2009_paras-herb_A4,Host-Parasite,Monolayer,1,0.8,1
656,A_HP_Macfadyen2009_paras-herb_A4,Host-Parasite,Monolayer,1,1,1
657,M_PL_Brosi2017_Gothic_CG_2014_Manipulation,Plant-Pollinator,Monolayer,1,0.8,1
658,M_PL_Brosi2017_Gothic_CG_2014_Manipulation,Plant-Pollinator,Monolayer,1,1,1
659,M_SD_Baird1980,Plant-Seed Dispersers,Monolayer,1,0.8,1
660,M_SD_Baird1980,Plant-Seed Dispersers,Monolayer,1,1,1
661,A_HP_Hadfield_2013_010,Host-Parasite,Monolayer,1,0.8,1
662,A_HP_Hadfield_2013_010,Host-Parasite,Monolayer,1,1,1
663,M_SD_Sanchez_2012_Iguazu,Plant-Seed Dispersers,Monolayer,1,0.8,1
664,M_SD_Sanchez_2012_Iguazu,Plant-Seed Dispersers,Monolayer,1,1,1
665,M_SD_Chama_2013_net1,Plant-Seed Dispersers,Monolayer,1,0.8,1
666,M_SD_Chama_2013_net1,Plant-Seed Dispersers,Monolayer,1,1,1
667,M_PL_Lara-Romero_2016_nevero-Pasture-3,Plant-Pollinator,Monolayer,1,0.8,1
668,M_PL_Lara-Romero_2016_nevero-Pasture-3,Plant-Pollinator,Monolayer,1,1,1
669,M_PL_Kaiser-Bunbury_2010_060_02,Plant-Pollinator,Monolayer,1,0.8,1
670,M_PL_Kaiser-Bunbury_2010_060_02,Plant-Pollinator,Monolayer,1,1,1
671,M_PL_Orford_2016_Field-36,Plant-Pollinator,Monolayer,1,0.8,1
672,M_PL_Orford_2016_Field-36,Plant-Pollinator,Monolayer,1,1,1
673,M_SD_Bollen_2000,Plant-Seed Dispersers,Monolayer,1,0.8,1
674,M_SD_Bollen_2000,Plant-Seed Dispersers,Monolayer,1,1,1
675,M_PL_Kaiser-Bunbury_2014_061_08,Plant-Pollinator,Monolayer,1,0.8,1
676,M_PL_Kaiser-Bunbury_2014_061_08,Plant-Pollinator,Monolayer,1,1,1
677,M_PL_Brosi2017_Brush_Creek_Steep_2013_Manipulation,Plant-Pollinator,Monolayer,1,0.8,1
678,M_PL_Brosi2017_Brush_Creek_Steep_2013_Manipulation,Plant-Pollinator,Monolayer,1,1,1
679,M_PL_Carstensen2017_Teno,Plant-Pollinator,Monolayer,1,0.8,1
680,M_PL_Carstensen2017_Teno,Plant-Pollinator,Monolayer,1,1,1
681,M_SD_Lou_2007,Plant-Seed Dispersers,Monolayer,1,0.8,1
682,M_SD_Lou_2007,Plant-Seed Dispersers,Monolayer,1,1,1
683,A_HP_Arai_mcgregor,Host-Parasite,Monolayer,1,0.8,1
684,A_HP_Arai_mcgregor,Host-Parasite,Monolayer,1,1,1
685,M_SD_Hovestadt_1997,Plant-Seed Dispersers,Monolayer,1,0.8,1
686,M_SD_Hovestadt_1997,Plant-Seed Dispersers,Monolayer,1,1,1
687,M_PL_Lara-Romero_2016_nevero-Encroachedpasture-10,Plant-Pollinator,Monolayer,1,0.8,1
688,M_PL_Lara-Romero_2016_nevero-Encroachedpasture-10,Plant-Pollinator,Monolayer,1,1,1
689,M_SD_Carlo2003-2,Plant-Seed Dispersers,Monolayer,1,0.8,1
690,M_SD_Carlo2003-2,Plant-Seed Dispersers,Monolayer,1,1,1
691,A_HP_Hadfield_2013_036,Host-Parasite,Monolayer,1,0.8,1
692,A_HP_Hadfield_2013_036,Host-Parasite,Monolayer,1,1,1
693,M_SD_Gomes_2013,Plant-Seed Dispersers,Monolayer,1,0.8,1
694,M_SD_Gomes_2013,Plant-Seed Dispersers,Monolayer,1,1,1
695,A_HP_Hadfield_2013_041,Host-Parasite,Monolayer,1,0.8,1
696,A_HP_Hadfield_2013_041,Host-Parasite,Monolayer,1,1,1
697,M_PL_Kaiser-Bunbury_2010_060_11,Plant-Pollinator,Monolayer,1,0.8,1
698,M_PL_Kaiser-Bunbury_2010_060_11,Plant-Pollinator,Monolayer,1,1,1
699,M_PL_Carstensen2017_WesternSahara,Plant-Pollinator,Monolayer,1,0.8,1
700,M_PL_Carstensen2017_WesternSahara,Plant-Pollinator,Monolayer,1,1,1
701,M_PL_Brosi2017_Gothic_Road_Grate_2014_Control,Plant-Pollinator,Monolayer,1,0.8,1
702,M_PL_Brosi2017_Gothic_Road_Grate_2014_Control,Plant-Pollinator,Monolayer,1,1,1
703,M_PL_caradonna_rmbl_interaction_networks_data_EDI,Plant-Pollinator,Monolayer,1,0.8,1
704,M_PL_caradonna_rmbl_interaction_networks_data_EDI,Plant-Pollinator,Monolayer,1,1,1
705,M_PL_Arizmendi,Plant-Pollinator,Monolayer,1,0.8,1
706,M_PL_Arizmendi,Plant-Pollinator,Monolayer,1,1,1
707,M_PL_Kaiser-Bunbury_2014_061_18,Plant-Pollinator,Monolayer,1,0.8,1
708,M_PL_Kaiser-Bunbury_2014_061_18,Plant-Pollinator,Monolayer,1,1,1
709,M_SD_Hamann1999,Plant-Seed Dispersers,Monolayer,1,0.8,1
710,M_SD_Hamann1999,Plant-Seed Dispersers,Monolayer,1,1,1
711,M_PL_Lara-Romero_2016_penalara-Pasture-4,Plant-Pollinator,Monolayer,1,0.8,1
712,M_PL_Lara-Romero_2016_penalara-Pasture-4,Plant-Pollinator,Monolayer,1,1,1
713,M_PL_Trojelsgaard_2015_Site11_Gomera1,Plant-Pollinator,Monolayer,1,0.8,1
714,M_PL_Trojelsgaard_2015_Site11_Gomera1,Plant-Pollinator,Monolayer,1,1,1
715,A_HP_Hadfield_2013_031,Host-Parasite,Monolayer,1,0.8,1
716,A_HP_Hadfield_2013_031,Host-Parasite,Monolayer,1,1,1
717,M_PL_Nero_tinoco,Plant-Pollinator,Monolayer,1,0.8,1
718,M_PL_Nero_tinoco,Plant-Pollinator,Monolayer,1,1,1
719,M_SD_Athie_2009,Plant-Seed Dispersers,Monolayer,1,0.8,1
720,M_SD_Athie_2009,Plant-Seed Dispersers,Monolayer,1,1,1
721,M_SD_Vizentin-Bugoni_2019_TAN,Plant-Seed Dispersers,Monolayer,1,0.8,1
722,M_SD_Vizentin-Bugoni_2019_TAN,Plant-Seed Dispersers,Monolayer,1,1,1
723,M_PL_Kaiser-Bunbury_2014_061_05,Plant-Pollinator,Monolayer,1,0.8,1
724,M_PL_Kaiser-Bunbury_2014_061_05,Plant-Pollinator,Monolayer,1,1,1
725,M_PL_Kaiser-Bunbury_2010_060_08,Plant-Pollinator,Monolayer,1,0.8,1
726,M_PL_Kaiser-Bunbury_2010_060_08,Plant-Pollinator,Monolayer,1,1,1
727,M_PL_Orford_2016_Farm-2012-B6,Plant-Pollinator,Monolayer,1,0.8,1
728,M_PL_Orford_2016_Farm-2012-B6,Plant-Pollinator,Monolayer,1,1,1
729,M_PL_Orford_2016_Field-40,Plant-Pollinator,Monolayer,1,0.8,1
730,M_PL_Orford_2016_Field-40,Plant-Pollinator,Monolayer,1,1,1
731,M_PL_Orford_2016_Field-45,Plant-Pollinator,Monolayer,1,0.8,1
732,M_PL_Orford_2016_Field-45,Plant-Pollinator,Monolayer,1,1,1
733,M_SD_Chama_2013_net7,Plant-Seed Dispersers,Monolayer,1,0.8,1
734,M_SD_Chama_2013_net7,Plant-Seed Dispersers,Monolayer,1,1,1
735,M_SD_Kantak1979,Plant-Seed Dispersers,Monolayer,1,0.8,1
736,M_SD_Kantak1979,Plant-Seed Dispersers,Monolayer,1,1,1
737,M_PL_Lara-Romero_2016_penalara-Pasture-10,Plant-Pollinator,Monolayer,1,0.8,1
738,M_PL_Lara-Romero_2016_penalara-Pasture-10,Plant-Pollinator,Monolayer,1,1,1
739,M_PL_Memmott1999,Plant-Pollinator,Monolayer,1,0.8,1
740,M_PL_Memmott1999,Plant-Pollinator,Monolayer,1,1,1
741,M_SD_Sorensen_1981,Plant-Seed Dispersers,Monolayer,1,0.8,1
742,M_SD_Sorensen_1981,Plant-Seed Dispersers,Monolayer,1,1,1
743,M_PL_Kaiser-Bunbury_2010_060_03,Plant-Pollinator,Monolayer,1,0.8,1
744,M_PL_Kaiser-Bunbury_2010_060_03,Plant-Pollinator,Monolayer,1,1,1
745,M_PL_Kaiser-Bunbury_2014_061_06,Plant-Pollinator,Monolayer,1,0.8,1
746,M_PL_Kaiser-Bunbury_2014_061_06,Plant-Pollinator,Monolayer,1,1,1
747,A_PH_site07_period01_Martins,Plant-Herbivore,Monolayer,1,0.8,1
748,A_PH_site07_period01_Martins,Plant-Herbivore,Monolayer,1,1,1
749,M_SD_Castano_2018,Plant-Seed Dispersers,Monolayer,1,0.8,1
750,M_SD_Castano_2018,Plant-Seed Dispersers,Monolayer,1,1,1
751,M_SD_Blendinger_2015,Plant-Seed Dispersers,Monolayer,1,0.8,1
752,M_SD_Blendinger_2015,Plant-Seed Dispersers,Monolayer,1,1,1
753,M_SD_Casallas-Pabon_2017,Plant-Seed Dispersers,Monolayer,1,0.8,1
754,M_SD_Casallas-Pabon_2017,Plant-Seed Dispersers,Monolayer,1,1,1
755,A_HP_Hadfield_2013_022,Host-Parasite,Monolayer,1,0.8,1
756,A_HP_Hadfield_2013_022,Host-Parasite,Monolayer,1,1,1
757,M_SD_de_la_Pena_2003,Plant-Seed Dispersers,Monolayer,1,0.8,1
758,M_SD_de_la_Pena_2003,Plant-Seed Dispersers,Monolayer,1,1,1
759,M_PL_Lara-Romero_2016_penalara-Pasture-7,Plant-Pollinator,Monolayer,1,0.8,1
760,M_PL_Lara-Romero_2016_penalara-Pasture-7,Plant-Pollinator,Monolayer,1,1,1
761,M_SD_Menke_2012_interior_little_dist,Plant-Seed Dispersers,Monolayer,1,0.8,1
762,M_SD_Menke_2012_interior_little_dist,Plant-Seed Dispersers,Monolayer,1,1,1
763,M_PL_Kaiser-Bunbury_2010_060_22,Plant-Pollinator,Monolayer,1,0.8,1
764,M_PL_Kaiser-Bunbury_2010_060_22,Plant-Pollinator,Monolayer,1,1,1
765,A_HP_daGraca,Host-Parasite,Monolayer,1,0.8,1
766,A_HP_daGraca,Host-Parasite,Monolayer,1,1,1
767,M_SD_Menke_2012_interior_highly_dist,Plant-Seed Dispersers,Monolayer,1,0.8,1
768,M_SD_Menke_2012_interior_highly_dist,Plant-Seed Dispersers,Monolayer,1,1,1
769,A_HP_Hadfield_2013_030,Host-Parasite,Monolayer,1,0.8,1
770,A_HP_Hadfield_2013_030,Host-Parasite,Monolayer,1,1,1
771,A_PH_Joern-Altuda,Plant-Herbivore,Monolayer,1,0.8,1
772,A_PH_Joern-Altuda,Plant-Herbivore,Monolayer,1,1,1
773,A_HP_Hadfield_2013_032,Host-Parasite,Monolayer,1,0.8,1
774,A_HP_Hadfield_2013_032,Host-Parasite,Monolayer,1,1,1
775,M_PL_Brosi2017_Gothic_Town_2014_Manipulation,Plant-Pollinator,Monolayer,1,0.8,1
776,M_PL_Brosi2017_Gothic_Town_2014_Manipulation,Plant-Pollinator,Monolayer,1,1,1
777,A_HP_Hadfield_2013_004,Host-Parasite,Monolayer,1,0.8,1
778,A_HP_Hadfield_2013_004,Host-Parasite,Monolayer,1,1,1
779,M_SD_Odonnell_1994,Plant-Seed Dispersers,Monolayer,1,0.8,1
780,M_SD_Odonnell_1994,Plant-Seed Dispersers,Monolayer,1,1,1
781,M_PL_Vizentin,Plant-Pollinator,Monolayer,1,0.8,1
782,M_PL_Vizentin,Plant-Pollinator,Monolayer,1,1,1
783,M_SD_Palacios_2016,Plant-Seed Dispersers,Monolayer,1,0.8,1
784,M_SD_Palacios_2016,Plant-Seed Dispersers,Monolayer,1,1,1
785,M_SD_continuous_Farwig,Plant-Seed Dispersers,Monolayer,1,0.8,1
786,M_SD_continuous_Farwig,Plant-Seed Dispersers,Monolayer,1,1,1
787,A_PH_site03_period01_Martins,Plant-Herbivore,Monolayer,1,0.8,1
788,A_PH_site03_period01_Martins,Plant-Herbivore,Monolayer,1,1,1
789,A_HP_Macfadyen2009_paras-herb_B4,Host-Parasite,Monolayer,1,0.8,1
790,A_HP_Macfadyen2009_paras-herb_B4,Host-Parasite,Monolayer,1,1,1
791,M_PL_Kaiser-Bunbury_2014_061_23,Plant-Pollinator,Monolayer,1,0.8,1
792,M_PL_Kaiser-Bunbury_2014_061_23,Plant-Pollinator,Monolayer,1,1,1
793,M_PL_Trojelsgaard_2015_Site10_TenerifeTeno2,Plant-Pollinator,Monolayer,1,0.8,1
794,M_PL_Trojelsgaard_2015_Site10_TenerifeTeno2,Plant-Pollinator,Monolayer,1,1,1
795,M_PL_Llaviuco_tinoco,Plant-Pollinator,Monolayer,1,0.8,1
796,M_PL_Llaviuco_tinoco,Plant-Pollinator,Monolayer,1,1,1
797,M_SD_Garcia_2014_Puhi-Puhi_River,Plant-Seed Dispersers,Monolayer,1,0.8,1
798,M_SD_Garcia_2014_Puhi-Puhi_River,Plant-Seed Dispersers,Monolayer,1,1,1
799,M_SD_Innis_1989_ANVF,Plant-Seed Dispersers,Monolayer,1,0.8,1
800,M_SD_Innis_1989_ANVF,Plant-Seed Dispersers,Monolayer,1,1,1
801,M_PL_Brosi2017_Rustlers_2013_Manipulation,Plant-Pollinator,Monolayer,1,0.8,1
802,M_PL_Brosi2017_Rustlers_2013_Manipulation,Plant-Pollinator,Monolayer,1,1,1
803,A_HP_Hadfield_2013_048,Host-Parasite,Monolayer,1,0.8,1
804,A_HP_Hadfield_2013_048,Host-Parasite,Monolayer,1,1,1
805,M_SD_Carlo2003-4,Plant-Seed Dispersers,Monolayer,1,0.8,1
806,M_SD_Carlo2003-4,Plant-Seed Dispersers,Monolayer,1,1,1
807,A_HP_Macfadyen2009_paras-herb_B5,Host-Parasite,Monolayer,1,0.8,1
808,A_HP_Macfadyen2009_paras-herb_B5,Host-Parasite,Monolayer,1,1,1
809,A_HP_belay30,Host-Parasite,Monolayer,1,0.8,1
810,A_HP_belay30,Host-Parasite,Monolayer,1,1,1
811,M_SD_Dehling_2017_Wayqecha_2,Plant-Seed Dispersers,Monolayer,1,0.8,1
812,M_SD_Dehling_2017_Wayqecha_2,Plant-Seed Dispersers,Monolayer,1,1,1
813,M_SD_Ramos-Robles_2016_net2,Plant-Seed Dispersers,Monolayer,1,0.8,1
814,M_SD_Ramos-Robles_2016_net2,Plant-Seed Dispersers,Monolayer,1,1,1
815,M_PL_Magrach2017_Sweden_2011_high,Plant-Pollinator,Monolayer,1,0.8,1
816,M_PL_Magrach2017_Sweden_2011_high,Plant-Pollinator,Monolayer,1,1,1
817,M_SD_Carlo2003-1,Plant-Seed Dispersers,Monolayer,1,0.8,1
818,M_SD_Carlo2003-1,Plant-Seed Dispersers,Monolayer,1,1,1
819,A_PH_Macfadyen2009_plant-herb_B3,Plant-Herbivore,Monolayer,1,0.8,1
820,A_PH_Macfadyen2009_plant-herb_B3,Plant-Herbivore,Monolayer,1,1,1
821,A_HP_Hadfield_2013_033,Host-Parasite,Monolayer,1,0.8,1
822,A_HP_Hadfield_2013_033,Host-Parasite,Monolayer,1,1,1
823,M_PL_Lara-Romero_2016_nevero-Pasture-5,Plant-Pollinator,Monolayer,1,0.8,1
824,M_PL_Lara-Romero_2016_nevero-Pasture-5,Plant-Pollinator,Monolayer,1,1,1
825,M_PL_Magrach2017_UK_2012_high,Plant-Pollinator,Monolayer,1,0.8,1
826,M_PL_Magrach2017_UK_2012_high,Plant-Pollinator,Monolayer,1,1,1
827,M_SD_Nogales_2017,Plant-Seed Dispersers,Monolayer,1,0.8,1
828,M_SD_Nogales_2017,Plant-Seed Dispersers,Monolayer,1,1,1
829,M_SD_Estrada-Villegas_2010,Plant-Seed Dispersers,Monolayer,1,0.8,1
830,M_SD_Estrada-Villegas_2010,Plant-Seed Dispersers,Monolayer,1,1,1
831,A_HP_belay23,Host-Parasite,Monolayer,1,0.8,1
832,A_HP_belay23,Host-Parasite,Monolayer,1,1,1
833,M_SD_Costa_2016,Plant-Seed Dispersers,Monolayer,1,0.8,1
834,M_SD_Costa_2016,Plant-Seed Dispersers,Monolayer,1,1,1
835,A_PH_stary2008,Plant-Herbivore,Monolayer,1,0.8,1
836,A_PH_stary2008,Plant-Herbivore,Monolayer,1,1,1
837,M_SD_Fadini_2004,Plant-Seed Dispersers,Monolayer,1,0.8,1
838,M_SD_Fadini_2004,Plant-Seed Dispersers,Monolayer,1,1,1
839,M_SD_Plein_2013_Orchard_summer,Plant-Seed Dispersers,Monolayer,1,0.8,1
840,M_SD_Plein_2013_Orchard_summer,Plant-Seed Dispersers,Monolayer,1,1,1
841,M_PL_Lara-Romero_2016_nevero-Pasture-1,Plant-Pollinator,Monolayer,1,0.8,1
842,M_PL_Lara-Romero_2016_nevero-Pasture-1,Plant-Pollinator,Monolayer,1,1,1
843,M_SD_Hladik_1969,Plant-Seed Dispersers,Monolayer,1,0.8,1
844,M_SD_Hladik_1969,Plant-Seed Dispersers,Monolayer,1,1,1
845,A_PH_lewis2002,Plant-Herbivore,Monolayer,1,0.8,1
846,A_PH_lewis2002,Plant-Herbivore,Monolayer,1,1,1
847,M_SD_Heleno,Plant-Seed Dispersers,Monolayer,1,0.8,1
848,M_SD_Heleno,Plant-Seed Dispersers,Monolayer,1,1,1
849,M_SD_Dehling_2017_Wayqecha_1,Plant-Seed Dispersers,Monolayer,1,0.8,1
850,M_SD_Dehling_2017_Wayqecha_1,Plant-Seed Dispersers,Monolayer,1,1,1
851,A_HP_Font,Host-Parasite,Monolayer,1,0.8,1
852,A_HP_Font,Host-Parasite,Monolayer,1,1,1
853,M_SD_Chama_2013_net6,Plant-Seed Dispersers,Monolayer,1,0.8,1
854,M_SD_Chama_2013_net6,Plant-Seed Dispersers,Monolayer,1,1,1
855,A_HP_Macfadyen2009_paras-herb_A10,Host-Parasite,Monolayer,1,0.8,1
856,A_HP_Macfadyen2009_paras-herb_A10,Host-Parasite,Monolayer,1,1,1
857,M_PL_Lara-Romero_2016_nevero-Pasture-8,Plant-Pollinator,Monolayer,1,0.8,1
858,M_PL_Lara-Romero_2016_nevero-Pasture-8,Plant-Pollinator,Monolayer,1,1,1
859,M_SD_Quitian_2018_1000Natural,Plant-Seed Dispersers,Monolayer,1,0.8,1
860,M_SD_Quitian_2018_1000Natural,Plant-Seed Dispersers,Monolayer,1,1,1
861,M_PL_Trojelsgaard_2015_Site3_Fuerteventura1,Plant-Pollinator,Monolayer,1,0.8,1
862,M_PL_Trojelsgaard_2015_Site3_Fuerteventura1,Plant-Pollinator,Monolayer,1,1,1
863,M_PL_Orford_2016_Field-63,Plant-Pollinator,Monolayer,1,0.8,1
864,M_PL_Orford_2016_Field-63,Plant-Pollinator,Monolayer,1,1,1
865,M_PL_Trojelsgaard_2015_Site6_GranCanaria2,Plant-Pollinator,Monolayer,1,0.8,1
866,M_PL_Trojelsgaard_2015_Site6_GranCanaria2,Plant-Pollinator,Monolayer,1,1,1
867,M_SD_Faria_1996,Plant-Seed Dispersers,Monolayer,1,0.8,1
868,M_SD_Faria_1996,Plant-Seed Dispersers,Monolayer,1,1,1
869,A_HP_Hadfield_2013_018,Host-Parasite,Monolayer,1,0.8,1
870,A_HP_Hadfield_2013_018,Host-Parasite,Monolayer,1,1,1
871,M_PL_Orford_2016_Farm-2013-B4,Plant-Pollinator,Monolayer,1,0.8,1
872,M_PL_Orford_2016_Farm-2013-B4,Plant-Pollinator,Monolayer,1,1,1
873,M_PL_Lara-Romero_2016_penalara-Encroachedpasture-10,Plant-Pollinator,Monolayer,1,0.8,1
874,M_PL_Lara-Romero_2016_penalara-Encroachedpasture-10,Plant-Pollinator,Monolayer,1,1,1
875,M_SD_Purificacao_2014_savannah_dry,Plant-Seed Dispersers,Monolayer,1,0.8,1
876,M_SD_Purificacao_2014_savannah_dry,Plant-Seed Dispersers,Monolayer,1,1,1
877,A_PH_Ibanez2013,Plant-Herbivore,Monolayer,1,0.8,1
878,A_PH_Ibanez2013,Plant-Herbivore,Monolayer,1,1,1
879,A_HP_belay10,Host-Parasite,Monolayer,1,0.8,1
880,A_HP_belay10,Host-Parasite,Monolayer,1,1,1
881,M_SD_da_Silva_2015_site_C,Plant-Seed Dispersers,Monolayer,1,0.8,1
882,M_SD_da_Silva_2015_site_C,Plant-Seed Dispersers,Monolayer,1,1,1
883,M_PL_Lara-Romero_2016_penalara-Encroachedpasture-8,Plant-Pollinator,Monolayer,1,0.8,1
884,M_PL_Lara-Romero_2016_penalara-Encroachedpasture-8,Plant-Pollinator,Monolayer,1,1,1
885,A_PH_Joern-Marathon,Plant-Herbivore,Monolayer,1,0.8,1
886,A_PH_Joern-Marathon,Plant-Herbivore,Monolayer,1,1,1
887,A_PH_Macfadyen2009_plant-herb_A2,Plant-Herbivore,Monolayer,1,0.8,1
888,A_PH_Macfadyen2009_plant-herb_A2,Plant-Herbivore,Monolayer,1,1,1
889,A_PH_Macfadyen2009_plant-herb_B4,Plant-Herbivore,Monolayer,1,0.8,1
890,A_PH_Macfadyen2009_plant-herb_B4,Plant-Herbivore,Monolayer,1,1,1
891,M_SD_Castley_2001,Plant-Seed Dispersers,Monolayer,1,0.8,1
892,M_SD_Castley_2001,Plant-Seed Dispersers,Monolayer,1,1,1
893,M_SD_Ruggera_2016_San_Javier,Plant-Seed Dispersers,Monolayer,1,0.8,1
894,M_SD_Ruggera_2016_San_Javier,Plant-Seed Dispersers,Monolayer,1,1,1
895,M_PL_Orford_2016_Field-27,Plant-Pollinator,Monolayer,1,0.8,1
896,M_PL_Orford_2016_Field-27,Plant-Pollinator,Monolayer,1,1,1
897,A_HP_Hadfield_2013_049,Host-Parasite,Monolayer,1,0.8,1
898,A_HP_Hadfield_2013_049,Host-Parasite,Monolayer,1,1,1
899,M_PL_Motten1982,Plant-Pollinator,Monolayer,1,0.8,1
900,M_PL_Motten1982,Plant-Pollinator,Monolayer,1,1,1
901,M_PL_Tur2013-CN,Plant-Pollinator,Monolayer,1,0.8,1
902,M_PL_Tur2013-CN,Plant-Pollinator,Monolayer,1,1,1
903,A_PH_Bergamini,Plant-Herbivore,Monolayer,1,0.8,1
904,A_PH_Bergamini,Plant-Herbivore,Monolayer,1,1,1
905,M_PL_Lara-Romero_2016_nevero-Encroachedpasture-6,Plant-Pollinator,Monolayer,1,0.8,1
906,M_PL_Lara-Romero_2016_nevero-Encroachedpasture-6,Plant-Pollinator,Monolayer,1,1,1
907,A_PH_Macfadyen2009_plant-herb_A1,Plant-Herbivore,Monolayer,1,0.8,1
908,A_PH_Macfadyen2009_plant-herb_A1,Plant-Herbivore,Monolayer,1,1,1
909,M_PL_Kaiser-Bunbury_2010_060_12,Plant-Pollinator,Monolayer,1,0.8,1
910,M_PL_Kaiser-Bunbury_2010_060_12,Plant-Pollinator,Monolayer,1,1,1
911,M_PL_Brosi2017_Gothic_Town_2014_Control,Plant-Pollinator,Monolayer,1,0.8,1
912,M_PL_Brosi2017_Gothic_Town_2014_Control,Plant-Pollinator,Monolayer,1,1,1
913,A_HP_Pilosof2013_1986,Host-Parasite,Monolayer,1,0.8,1
914,A_HP_Pilosof2013_1986,Host-Parasite,Monolayer,1,1,1
915,M_PL_Lara-Romero_2016_nevero-Encroachedpasture-5,Plant-Pollinator,Monolayer,1,0.8,1
916,M_PL_Lara-Romero_2016_nevero-Encroachedpasture-5,Plant-Pollinator,Monolayer,1,1,1
917,M_PL_Kaiser-Bunbury_2014_061_15,Plant-Pollinator,Monolayer,1,0.8,1
918,M_PL_Kaiser-Bunbury_2014_061_15,Plant-Pollinator,Monolayer,1,1,1
919,M_SD_Santiago_2014_close_to_remnant,Plant-Seed Dispersers,Monolayer,1,0.8,1
920,M_SD_Santiago_2014_close_to_remnant,Plant-Seed Dispersers,Monolayer,1,1,1
921,M_SD_Snow_1988_JJA,Plant-Seed Dispersers,Monolayer,1,0.8,1
922,M_SD_Snow_1988_JJA,Plant-Seed Dispersers,Monolayer,1,1,1
923,M_PL_Trojelsgaard_2015_Site9_TenerifeTeno1,Plant-Pollinator,Monolayer,1,0.8,1
924,M_PL_Trojelsgaard_2015_Site9_TenerifeTeno1,Plant-Pollinator,Monolayer,1,1,1
925,A_HP_Hadfield_2013_020,Host-Parasite,Monolayer,1,0.8,1
926,A_HP_Hadfield_2013_020,Host-Parasite,Monolayer,1,1,1
927,A_HP_Mendonca,Host-Parasite,Monolayer,1,0.8,1
928,A_HP_Mendonca,Host-Parasite,Monolayer,1,1,1
929,M_PL_Kaiser-Bunbury_2014_061_04,Plant-Pollinator,Monolayer,1,0.8,1
930,M_PL_Kaiser-Bunbury_2014_061_04,Plant-Pollinator,Monolayer,1,1,1
931,M_PL_Orford_2016_Field-67,Plant-Pollinator,Monolayer,1,0.8,1
932,M_PL_Orford_2016_Field-67,Plant-Pollinator,Monolayer,1,1,1
933,A_PH_Macfadyen2009_plant-herb_A7,Plant-Herbivore,Monolayer,1,0.8,1
934,A_PH_Macfadyen2009_plant-herb_A7,Plant-Herbivore,Monolayer,1,1,1
935,A_HP_Hadfield_2013_016,Host-Parasite,Monolayer,1,0.8,1
936,A_HP_Hadfield_2013_016,Host-Parasite,Monolayer,1,1,1
937,M_PL_Kaiser-Bunbury_2014_061_45,Plant-Pollinator,Monolayer,1,0.8,1
938,M_PL_Kaiser-Bunbury_2014_061_45,Plant-Pollinator,Monolayer,1,1,1
939,M_SD_Combined_Schleuning,Plant-Seed Dispersers,Monolayer,1,0.8,1
940,M_SD_Combined_Schleuning,Plant-Seed Dispersers,Monolayer,1,1,1
941,M_PL_Maruyama,Plant-Pollinator,Monolayer,1,0.8,1
942,M_PL_Maruyama,Plant-Pollinator,Monolayer,1,1,1
943,M_PL_Orford_2016_Farm-2012-B1,Plant-Pollinator,Monolayer,1,0.8,1
944,M_PL_Orford_2016_Farm-2012-B1,Plant-Pollinator,Monolayer,1,1,1
945,A_HP_Pilosof2013_1985,Host-Parasite,Monolayer,1,0.8,1
946,A_HP_Pilosof2013_1985,Host-Parasite,Monolayer,1,1,1
947,M_SD_Ramos-Robles_2016_net3,Plant-Seed Dispersers,Monolayer,1,0.8,1
948,M_SD_Ramos-Robles_2016_net3,Plant-Seed Dispersers,Monolayer,1,1,1
949,M_PL_Maglianesi_high,Plant-Pollinator,Monolayer,1,0.8,1
950,M_PL_Maglianesi_high,Plant-Pollinator,Monolayer,1,1,1
951,M_SD_Albrecht_15_2012,Plant-Seed Dispersers,Monolayer,1,0.8,1
952,M_SD_Albrecht_15_2012,Plant-Seed Dispersers,Monolayer,1,1,1
953,M_SD_Correia_2016_sanctuary,Plant-Seed Dispersers,Monolayer,1,0.8,1
954,M_SD_Correia_2016_sanctuary,Plant-Seed Dispersers,Monolayer,1,1,1
955,M_SD_Chama_2013_net3,Plant-Seed Dispersers,Monolayer,1,0.8,1
956,M_SD_Chama_2013_net3,Plant-Seed Dispersers,Monolayer,1,1,1
957,M_PL_Lara-Romero_2016_nevero-Pasture-2,Plant-Pollinator,Monolayer,1,0.8,1
958,M_PL_Lara-Romero_2016_nevero-Pasture-2,Plant-Pollinator,Monolayer,1,1,1
959,M_PL_Orford_2016_Farm-2012-B9,Plant-Pollinator,Monolayer,1,0.8,1
960,M_PL_Orford_2016_Farm-2012-B9,Plant-Pollinator,Monolayer,1,1,1
961,M_PL_Kaiser-Bunbury_2014_061_21,Plant-Pollinator,Monolayer,1,0.8,1
962,M_PL_Kaiser-Bunbury_2014_061_21,Plant-Pollinator,Monolayer,1,1,1
963,M_SD_Garcia_et_al,Plant-Seed Dispersers,Monolayer,1,0.8,1
964,M_SD_Garcia_et_al,Plant-Seed Dispersers,Monolayer,1,1,1
965,M_PL_Brosi2017_Brush_Creek_Sign_2014_Manipulation,Plant-Pollinator,Monolayer,1,0.8,1
966,M_PL_Brosi2017_Brush_Creek_Sign_2014_Manipulation,Plant-Pollinator,Monolayer,1,1,1
967,M_PL_Lara-Romero_2016_penalara-Pasture-2,Plant-Pollinator,Monolayer,1,0.8,1
968,M_PL_Lara-Romero_2016_penalara-Pasture-2,Plant-Pollinator,Monolayer,1,1,1
969,M_SD_Dehling_2017_Wayqecha_4,Plant-Seed Dispersers,Monolayer,1,0.8,1
970,M_SD_Dehling_2017_Wayqecha_4,Plant-Seed Dispersers,Monolayer,1,1,1
971,M_PL_Brosi2017_Gothic_CG_2014_Control,Plant-Pollinator,Monolayer,1,0.8,1
972,M_PL_Brosi2017_Gothic_CG_2014_Control,Plant-Pollinator,Monolayer,1,1,1
973,M_PL_Kaiser-Bunbury_2014_061_40,Plant-Pollinator,Monolayer,1,0.8,1
974,M_PL_Kaiser-Bunbury_2014_061_40,Plant-Pollinator,Monolayer,1,1,1
975,A_HP_Macfadyen2009_paras-herb_A3,Host-Parasite,Monolayer,1,0.8,1
976,A_HP_Macfadyen2009_paras-herb_A3,Host-Parasite,Monolayer,1,1,1
977,M_PL_Kaiser-Bunbury_2010_060_14,Plant-Pollinator,Monolayer,1,0.8,1
978,M_PL_Kaiser-Bunbury_2010_060_14,Plant-Pollinator,Monolayer,1,1,1
979,M_SD_Fontanari_2018,Plant-Seed Dispersers,Monolayer,1,0.8,1
980,M_SD_Fontanari_2018,Plant-Seed Dispersers,Monolayer,1,1,1
981,M_PL_Kaiser-Bunbury_2010_060_17,Plant-Pollinator,Monolayer,1,0.8,1
982,M_PL_Kaiser-Bunbury_2010_060_17,Plant-Pollinator,Monolayer,1,1,1
983,M_SD_Costa_2013_endozoochory,Plant-Seed Dispersers,Monolayer,1,0.8,1
984,M_SD_Costa_2013_endozoochory,Plant-Seed Dispersers,Monolayer,1,1,1
985,A_HP_belay27,Host-Parasite,Monolayer,1,0.8,1
986,A_HP_belay27,Host-Parasite,Monolayer,1,1,1
987,M_SD_Albrecht_11_2012,Plant-Seed Dispersers,Monolayer,1,0.8,1
988,M_SD_Albrecht_11_2012,Plant-Seed Dispersers,Monolayer,1,1,1
989,M_PL_Kaiser-Bunbury_2010_060_09,Plant-Pollinator,Monolayer,1,0.8,1
990,M_PL_Kaiser-Bunbury_2010_060_09,Plant-Pollinator,Monolayer,1,1,1
991,A_PH_HennemanXXXX-1,Plant-Herbivore,Monolayer,1,0.8,1
992,A_PH_HennemanXXXX-1,Plant-Herbivore,Monolayer,1,1,1
993,M_PL_Lara-Romero_2016_nevero-Encroachedpasture-2,Plant-Pollinator,Monolayer,1,0.8,1
994,M_PL_Lara-Romero_2016_nevero-Encroachedpasture-2,Plant-Pollinator,Monolayer,1,1,1
995,M_PL_Maglianesi_low,Plant-Pollinator,Monolayer,1,0.8,1
996,M_PL_Maglianesi_low,Plant-Pollinator,Monolayer,1,1,1
997,M_SD_Hayashi_1996,Plant-Seed Dispersers,Monolayer,1,0.8,1
998,M_SD_Hayashi_1996,Plant-Seed Dispersers,Monolayer,1,1,1
999,M_PL_Mosquin1967,Plant-Pollinator,Monolayer,1,0.8,1
1000,M_PL_Mosquin1967,Plant-Pollinator,Monolayer,1,1,1
1001,A_HP_Hadfield_2013_029,Host-Parasite,Monolayer,1,0.8,1
1002,A_HP_Hadfield_2013_029,Host-Parasite,Monolayer,1,1,1
1003,M_SD_Ruggera_2016_La_Florida,Plant-Seed Dispersers,Monolayer,1,0.8,1
1004,M_SD_Ruggera_2016_La_Florida,Plant-Seed Dispersers,Monolayer,1,1,1
1005,M_SD_Ramos-Robles_2016_net7,Plant-Seed Dispersers,Monolayer,1,0.8,1
1006,M_SD_Ramos-Robles_2016_net7,Plant-Seed Dispersers,Monolayer,1,1,1
1007,M_PL_Kaiser-Bunbury_2014_061_29,Plant-Pollinator,Monolayer,1,0.8,1
1008,M_PL_Kaiser-Bunbury_2014_061_29,Plant-Pollinator,Monolayer,1,1,1
1009,M_PL_Gilarranz_2015_Difuntos,Plant-Pollinator,Monolayer,1,0.8,1
1010,M_PL_Gilarranz_2015_Difuntos,Plant-Pollinator,Monolayer,1,1,1
1011,A_HP_Macfadyen2009_paras-herb_B2,Host-Parasite,Monolayer,1,0.8,1
1012,A_HP_Macfadyen2009_paras-herb_B2,Host-Parasite,Monolayer,1,1,1
1013,A_HP_Pilosof2013_1982,Host-Parasite,Monolayer,1,0.8,1
1014,A_HP_Pilosof2013_1982,Host-Parasite,Monolayer,1,1,1
1015,M_SD_Ruggera_2016_Pozo_Verde,Plant-Seed Dispersers,Monolayer,1,0.8,1
1016,M_SD_Ruggera_2016_Pozo_Verde,Plant-Seed Dispersers,Monolayer,1,1,1
1017,M_PL_Vazquez,Plant-Pollinator,Monolayer,1,0.8,1
1018,M_PL_Vazquez,Plant-Pollinator,Monolayer,1,1,1
1019,M_SD_Noma_1997,Plant-Seed Dispersers,Monolayer,1,0.8,1
1020,M_SD_Noma_1997,Plant-Seed Dispersers,Monolayer,1,1,1
1021,M_PL_Lara-Romero_2016_nevero-Encroachedpasture-3,Plant-Pollinator,Monolayer,1,0.8,1
1022,M_PL_Lara-Romero_2016_nevero-Encroachedpasture-3,Plant-Pollinator,Monolayer,1,1,1
1023,M_SD_Castro-Luna_2012,Plant-Seed Dispersers,Monolayer,1,0.8,1
1024,M_SD_Castro-Luna_2012,Plant-Seed Dispersers,Monolayer,1,1,1
1025,M_PL_Orford_2016_Field-28,Plant-Pollinator,Monolayer,1,0.8,1
1026,M_PL_Orford_2016_Field-28,Plant-Pollinator,Monolayer,1,1,1
1027,M_PL_Dupont2003,Plant-Pollinator,Monolayer,1,0.8,1
1028,M_PL_Dupont2003,Plant-Pollinator,Monolayer,1,1,1
1029,M_PL_Lara-Romero_2016_penalara-Pasture-3,Plant-Pollinator,Monolayer,1,0.8,1
1030,M_PL_Lara-Romero_2016_penalara-Pasture-3,Plant-Pollinator,Monolayer,1,1,1
1031,M_PL_Orford_2016_Field-42,Plant-Pollinator,Monolayer,1,0.8,1
1032,M_PL_Orford_2016_Field-42,Plant-Pollinator,Monolayer,1,1,1
1033,M_SD_Munster_2008,Plant-Seed Dispersers,Monolayer,1,0.8,1
1034,M_SD_Munster_2008,Plant-Seed Dispersers,Monolayer,1,1,1
1035,M_SD_Prather_2000,Plant-Seed Dispersers,Monolayer,1,0.8,1
1036,M_SD_Prather_2000,Plant-Seed Dispersers,Monolayer,1,1,1
1037,A_HP_Hadfield_2013_044,Host-Parasite,Monolayer,1,0.8,1
1038,A_HP_Hadfield_2013_044,Host-Parasite,Monolayer,1,1,1
1039,A_HP_Hadfield_2013_001,Host-Parasite,Monolayer,1,0.8,1
1040,A_HP_Hadfield_2013_001,Host-Parasite,Monolayer,1,1,1
1041,M_PL_Orford_2016_Farm-2012-B5,Plant-Pollinator,Monolayer,1,0.8,1
1042,M_PL_Orford_2016_Farm-2012-B5,Plant-Pollinator,Monolayer,1,1,1
1043,M_SD_Galetti1996-1,Plant-Seed Dispersers,Monolayer,1,0.8,1
1044,M_SD_Galetti1996-1,Plant-Seed Dispersers,Monolayer,1,1,1
1045,M_SD_Camargo_2009,Plant-Seed Dispersers,Monolayer,1,0.8,1
1046,M_SD_Camargo_2009,Plant-Seed Dispersers,Monolayer,1,1,1
1047,M_SD_Lima_2016,Plant-Seed Dispersers,Monolayer,1,0.8,1
1048,M_SD_Lima_2016,Plant-Seed Dispersers,Monolayer,1,1,1
1049,M_SD_VELHO,Plant-Seed Dispersers,Monolayer,1,0.8,1
1050,M_SD_VELHO,Plant-Seed Dispersers,Monolayer,1,1,1
1051,M_PL_Brosi2017_Gothic_Road_Steep_2013_Control,Plant-Pollinator,Monolayer,1,0.8,1
1052,M_PL_Brosi2017_Gothic_Road_Steep_2013_Control,Plant-Pollinator,Monolayer,1,1,1
1053,M_SD_Poulsen_2001_2002_primates,Plant-Seed Dispersers,Monolayer,1,0.8,1
1054,M_SD_Poulsen_2001_2002_primates,Plant-Seed Dispersers,Monolayer,1,1,1
1055,M_SD_Kalko_BCI_zero_intx_removed,Plant-Seed Dispersers,Monolayer,1,0.8,1
1056,M_SD_Kalko_BCI_zero_intx_removed,Plant-Seed Dispersers,Monolayer,1,1,1
1057,M_SD_Quitian_2018_1000Fragmented,Plant-Seed Dispersers,Monolayer,1,0.8,1
1058,M_SD_Quitian_2018_1000Fragmented,Plant-Seed Dispersers,Monolayer,1,1,1
1059,M_SD_Kamruzzaman_2008,Plant-Seed Dispersers,Monolayer,1,0.8,1
1060,M_SD_Kamruzzaman_2008,Plant-Seed Dispersers,Monolayer,1,1,1
1061,M_PL_Gilarranz_2015_LaBrava,Plant-Pollinator,Monolayer,1,0.8,1
1062,M_PL_Gilarranz_2015_LaBrava,Plant-Pollinator,Monolayer,1,1,1
1063,M_PL_Trojelsgaard_2015_Site14_Hierro2,Plant-Pollinator,Monolayer,1,0.8,1
1064,M_PL_Trojelsgaard_2015_Site14_Hierro2,Plant-Pollinator,Monolayer,1,1,1
1065,M_SD_Crome1975,Plant-Seed Dispersers,Monolayer,1,0.8,1
1066,M_SD_Crome1975,Plant-Seed Dispersers,Monolayer,1,1,1
1067,M_SD_da_Silva_2015_site_A,Plant-Seed Dispersers,Monolayer,1,0.8,1
1068,M_SD_da_Silva_2015_site_A,Plant-Seed Dispersers,Monolayer,1,1,1
1069,M_SD_Correa_2016_Apaporis,Plant-Seed Dispersers,Monolayer,1,0.8,1
1070,M_SD_Correa_2016_Apaporis,Plant-Seed Dispersers,Monolayer,1,1,1
1071,A_HP_Macfadyen2009_paras-herb_A1,Host-Parasite,Monolayer,1,0.8,1
1072,A_HP_Macfadyen2009_paras-herb_A1,Host-Parasite,Monolayer,1,1,1
1073,M_SD_David_2011_tree_focal_watches,Plant-Seed Dispersers,Monolayer,1,0.8,1
1074,M_SD_David_2011_tree_focal_watches,Plant-Seed Dispersers,Monolayer,1,1,1
1075,A_HP_Pilosof2013_1983,Host-Parasite,Monolayer,1,0.8,1
1076,A_HP_Pilosof2013_1983,Host-Parasite,Monolayer,1,1,1
